AssemblyComponentId,TriggerName,HandChild,InstalledTransformId,InstalledHierarchyPath,MarkerGameObjectId,MarkerTransformId,MarkerHierarchyPath,LocalPosition,LocalRotation,LocalScale,DonorSphereRadiusMeters,InferredWrenchMillimeters,DonorMaximumStage,TransferStatus
106416,"trigger_antenna_left","antenna(Clone)",69958,"SATSUMA(557kg, 248)/MiscParts/antenna(leftx)",26494,62552,"SATSUMA(557kg, 248)/MiscParts/antenna(leftx)/BoltPM","1.85344061E-06;2.17614911E-07;-0.025999913","-8.405238E-11;1;-2.60216937E-09;-1.61817667E-07","0.8;0.8;0.8",0.02,8,8,ConfigurationTransferred
108683,"trigger_antenna_right","antenna(Clone)",48431,"SATSUMA(557kg, 248)/MiscParts/antenna(right)",5601,41658,"SATSUMA(557kg, 248)/MiscParts/antenna(right)/BoltPM","-7.1681734E-07;-1.57832983E-06;-0.0259999521","1.01373159E-08;1;7.27644167E-09;-1.62282987E-07","0.8;0.8;0.799999952",0.02,8,8,ConfigurationTransferred
106381,"trigger_brake_lining","brake lining(Clone)",48439,"SATSUMA(557kg, 248)/MiscParts/brake lining(xxxxx)",3106,39164,"SATSUMA(557kg, 248)/MiscParts/brake lining(xxxxx)/Bolts/BoltPM","-0.370795369;-0.0101378942;0.00209516147","-0.70710665;4.47034779E-07;0.7071069;4.986255E-07","0.6999999;0.7000001;0.5",0.012,7,8,ConfigurationTransferred
106381,"trigger_brake_lining","brake lining(Clone)",48439,"SATSUMA(557kg, 248)/MiscParts/brake lining(xxxxx)",5211,41265,"SATSUMA(557kg, 248)/MiscParts/brake lining(xxxxx)/Bolts/BoltPM","0.2208337;0.0442783535;0.144089356","0.7071068;-1.78813892E-07;-0.7071068;-1.70800021E-07","0.700000048;0.700000167;0.700000167",0.012,7,8,ConfigurationTransferred
106381,"trigger_brake_lining","brake lining(Clone)",48439,"SATSUMA(557kg, 248)/MiscParts/brake lining(xxxxx)",5397,41451,"SATSUMA(557kg, 248)/MiscParts/brake lining(xxxxx)/Bolts/BoltPM","-0.3222781;-0.008551012;0.00150471809","2.17884679E-08;0.707106948;-1.45004662E-07;0.7071066","0.700000048;0.7;0.50000006",0.012,7,8,ConfigurationTransferred
106381,"trigger_brake_lining","brake lining(Clone)",48439,"SATSUMA(557kg, 248)/MiscParts/brake lining(xxxxx)",11430,47476,"SATSUMA(557kg, 248)/MiscParts/brake lining(xxxxx)/Bolts/BoltPM","-0.3222781;-0.007296933;0.0212107915","1.70800021E-07;0.7071068;-2.3441163E-07;0.7071068","0.7;0.6999999;0.50000006",0.012,7,8,ConfigurationTransferred
106381,"trigger_brake_lining","brake lining(Clone)",48439,"SATSUMA(557kg, 248)/MiscParts/brake lining(xxxxx)",12159,48208,"SATSUMA(557kg, 248)/MiscParts/brake lining(xxxxx)/Bolts/BoltPM","-0.4150585;-1.87215626;-0.189913824","0.5124225;-1.05882918E-07;-1.77441933E-07;0.8587335","0.7;0.6999999;0.5000001",0.012,7,8,ConfigurationTransferred
106381,"trigger_brake_lining","brake lining(Clone)",48439,"SATSUMA(557kg, 248)/MiscParts/brake lining(xxxxx)",12916,48964,"SATSUMA(557kg, 248)/MiscParts/brake lining(xxxxx)/Bolts/BoltPM","0.220833749;0.1041977;0.144089609","0.7071068;-1.78813892E-07;-0.7071068;-1.7080005E-07","0.700000048;0.700000167;0.7000001",0.012,7,8,ConfigurationTransferred
106381,"trigger_brake_lining","brake lining(Clone)",48439,"SATSUMA(557kg, 248)/MiscParts/brake lining(xxxxx)",24944,61003,"SATSUMA(557kg, 248)/MiscParts/brake lining(xxxxx)/Bolts/BoltPM","0.4153353;-1.87215579;-0.189913765","0.5124228;-6.10855437E-08;-1.02368965E-07;0.8587333","0.6999998;0.6999998;0.49999994",0.012,7,8,ConfigurationTransferred
106381,"trigger_brake_lining","brake lining(Clone)",48439,"SATSUMA(557kg, 248)/MiscParts/brake lining(xxxxx)",27872,63927,"SATSUMA(557kg, 248)/MiscParts/brake lining(xxxxx)/Bolts/BoltPM","-0.3461505;-0.00571191357;0.0469704941","-0.00159597863;0.03246387;0.99946034;-0.00476008","0.7000003;0.6999999;0.599999964",0.012,7,8,ConfigurationTransferred
106381,"trigger_brake_lining","brake lining(Clone)",48439,"SATSUMA(557kg, 248)/MiscParts/brake lining(xxxxx)",31563,67619,"SATSUMA(557kg, 248)/MiscParts/brake lining(xxxxx)/Bolts/BoltPM","0.310976863;-0.0433958061;-0.122304969","-0.00721725775;0.107213907;0.994203746;0.00347203622","0.6999999;0.6999998;0.699999869",0.012,7,8,ConfigurationTransferred
110822,"trigger_brake_master","brake master cylinder(Clone)",60414,"SATSUMA(557kg, 248)/MiscParts/brake master cylinder(xxxxx)",12809,48856,"SATSUMA(557kg, 248)/MiscParts/brake master cylinder(xxxxx)/Bolts/BoltPM","-0.0272570588;-0.06353739;0.0151110189","-0.707106352;-1.66265012E-14;-6.997293E-15;0.7071072","0.8;0.8000001;0.8000001",0.012,8,8,ConfigurationTransferred
110822,"trigger_brake_master","brake master cylinder(Clone)",60414,"SATSUMA(557kg, 248)/MiscParts/brake master cylinder(xxxxx)",20498,56562,"SATSUMA(557kg, 248)/MiscParts/brake master cylinder(xxxxx)/Bolts/BoltPM","0.0145490766;-0.193800732;0.00416759169","-0.499999583;0.5000006;-0.4999995;0.5000005","0.9000001;0.9000002;0.9000002",0.012,9,8,ConfigurationTransferred
110822,"trigger_brake_master","brake master cylinder(Clone)",60414,"SATSUMA(557kg, 248)/MiscParts/brake master cylinder(xxxxx)",33120,69181,"SATSUMA(557kg, 248)/MiscParts/brake master cylinder(xxxxx)/Bolts/BoltPM","0.0288685784;-0.0673597455;-0.008883305","-0.707106054;1.461108E-07;-1.4611112E-07;0.7071075","0.8;0.799999952;0.799999952",0.012,8,8,ConfigurationTransferred
109276,"trigger_clutch_lining","clutch lining(Clone)",52429,"SATSUMA(557kg, 248)/MiscParts/clutch lining(xxxxx)",7767,43823,"SATSUMA(557kg, 248)/MiscParts/clutch lining(xxxxx)/BoltPM","0.5720077;-0.115374371;0.150479421","1;1.28572181E-14;6.69011662E-16;3.37174782E-07","0.7;0.7;0.7",0.012,7,8,ConfigurationTransferred
109276,"trigger_clutch_lining","clutch lining(Clone)",52429,"SATSUMA(557kg, 248)/MiscParts/clutch lining(xxxxx)",28071,64125,"SATSUMA(557kg, 248)/MiscParts/clutch lining(xxxxx)/BoltPM","0.0188289471;-0.00332031143;0.017038526","0.1497137;-0.1497138;0.691075861;0.691075861","0.7;0.7;0.700000048",0.012,7,8,ConfigurationTransferred
105057,"trigger_clutch_master","clutch master cylinder(Clone)",41150,"SATSUMA(557kg, 248)/MiscParts/clutch master cylinder(xxxxx)",9387,45443,"SATSUMA(557kg, 248)/MiscParts/clutch master cylinder(xxxxx)/BoltPM","0.0151813626;-0.193804592;0.004167413","-0.499999225;0.5000008;-0.499999344;0.500000656","0.9;0.9000011;0.9000001",0.012,9,8,ConfigurationTransferred
105057,"trigger_clutch_master","clutch master cylinder(Clone)",41150,"SATSUMA(557kg, 248)/MiscParts/clutch master cylinder(xxxxx)",11360,47408,"SATSUMA(557kg, 248)/MiscParts/clutch master cylinder(xxxxx)/BoltPM","0.00199498725;-0.0722940862;-0.0282677542","-0.707106054;1.46110821E-07;-1.46111091E-07;0.7071075","0.8;0.799999952;0.799999952",0.012,8,8,ConfigurationTransferred
105057,"trigger_clutch_master","clutch master cylinder(Clone)",41150,"SATSUMA(557kg, 248)/MiscParts/clutch master cylinder(xxxxx)",22718,58772,"SATSUMA(557kg, 248)/MiscParts/clutch master cylinder(xxxxx)/BoltPM","0.00216283649;-0.06850705;0.0319370665","-0.707106054;1.46110821E-07;-1.46111091E-07;0.7071075","0.8;0.799999952;0.799999952",0.012,8,8,ConfigurationTransferred
105128,"trigger_discbrake_fl","disc brake(Clone)",36394,"SATSUMA(557kg, 248)/FL/AckerFL/wheelFL/TireFL/OFFSET/discbrake(flxxx)",12041,48090,"SATSUMA(557kg, 248)/FL/AckerFL/wheelFL/TireFL/OFFSET/discbrake(flxxx)/BoltPM","0.110809609;8.824318E-10;7.286404E-08","1.19831826E-15;0.7071068;-4.779871E-15;0.7071067","1.4000001;1.4;1.4000001",0.012,14,8,ConfigurationTransferred
108653,"trigger_discbrake_fr","disc brake(Clone)",47897,"SATSUMA(557kg, 248)/FR/AckerFR/wheelFR/TireFR/OFFSET/discbrake(frxxx)",30005,66054,"SATSUMA(557kg, 248)/FR/AckerFR/wheelFR/TireFR/OFFSET/discbrake(frxxx)/BoltPM","0.110808834;-3.69820761E-08;-2.14389817E-09","0.707106;-1.15202276E-07;0.707107544;-3.231163E-08","1.4000001;1.40000033;1.4000001",0.012,14,8,ConfigurationTransferred
112903,"trigger_drumbrake_rl","drum brake(Clone)",40078,"SATSUMA(557kg, 248)/RL/wheelRL/TireRL/drumbrake rl(xxxxx)",12701,48747,"SATSUMA(557kg, 248)/RL/wheelRL/TireRL/drumbrake rl(xxxxx)/BoltPM","0.07999964;1.16608652E-08;2.97796163E-07","4.778558E-17;0.7071068;9.091386E-16;0.7071067","1.4000001;1.4;1.4000001",0.012,14,8,ConfigurationTransferred
106461,"trigger_drumbrake_rr","drum brake(Clone)",45372,"SATSUMA(557kg, 248)/RR/wheelRR/TireRR/drumbrake rr(xxxxx)",27542,63595,"SATSUMA(557kg, 248)/RR/wheelRR/TireRR/drumbrake rr(xxxxx)/BoltPM","0.08000019;0;-2.10778779E-07","0;0.70710665;0;0.7071069","1.4;1.4;1.4",0.012,14,8,ConfigurationTransferred
106201,"trigger_extinguisher_holder","fire extinguisher holder(Clone)",59251,"SATSUMA(557kg, 248)/Interior/fire extinguisher holder(xxxxx)",3780,39837,"SATSUMA(557kg, 248)/Interior/fire extinguisher holder(xxxxx)/Bolts/BoltPM","-0.06570015;-2.3839803E-07;-0.0669","-7.311698E-15;-6.66328E-16;-3.7407533E-15;1","0.6;0.6;0.6",0.02,6,8,ConfigurationTransferred
106201,"trigger_extinguisher_holder","fire extinguisher holder(Clone)",59251,"SATSUMA(557kg, 248)/Interior/fire extinguisher holder(xxxxx)",10581,46637,"SATSUMA(557kg, 248)/Interior/fire extinguisher holder(xxxxx)/Bolts/BoltPM","0.0634998158;-5.577298E-07;-0.0669000149","-7.311698E-15;-6.66328E-16;-3.7407533E-15;1","0.6;0.6;0.6",0.02,6,8,ConfigurationTransferred
110508,"trigger_fuel_strainer","fuel strainer(Clone)",36947,"SATSUMA(557kg, 248)/MiscParts/fuel strainer(xxxxx)",22672,58725,"SATSUMA(557kg, 248)/MiscParts/fuel strainer(xxxxx)/BoltPM","-0.0442476869;0.006560955;0.00151470327","0.0218788777;0.706728637;-0.0198289789;0.7068683","0.8;0.8000001;0.879999936",0.012,8,8,ConfigurationTransferred
113720,"trigger_gear_linkage","gear linkage(Clone)",38941,"SATSUMA(557kg, 248)/MiscParts/gear linkage(xxxxx)",5874,41929,"SATSUMA(557kg, 248)/MiscParts/gear linkage(xxxxx)/Bolts/BoltPM","0.03202348;0.3668331;0.0107971262","8.86055432E-07;0.707106054;5.40448639E-07;0.7071075","0.49999994;0.49999994;0.4",0.012,5,8,ConfigurationTransferred
113720,"trigger_gear_linkage","gear linkage(Clone)",38941,"SATSUMA(557kg, 248)/MiscParts/gear linkage(xxxxx)",8846,44902,"SATSUMA(557kg, 248)/MiscParts/gear linkage(xxxxx)/Bolts/BoltPM","0.03202349;0.3805431;0.011263743","4.092183E-07;0.707106;6.36114947E-08;0.707107544","0.5;0.5;0.4",0.012,5,8,ConfigurationTransferred
113720,"trigger_gear_linkage","gear linkage(Clone)",38941,"SATSUMA(557kg, 248)/MiscParts/gear linkage(xxxxx)",16309,52376,"SATSUMA(557kg, 248)/MiscParts/gear linkage(xxxxx)/Bolts/BoltPM","0.0692472458;0.2899774;0.140301064","-0.0787278637;-0.00313187088;0.002088147;0.996889055","0.5;0.49999997;0.4",0.012,5,8,ConfigurationTransferred
109134,"trigger_gear_stick","",59024,"SATSUMA(557kg, 248)/Dashboard/gear stick(xxxxx)",8016,44069,"SATSUMA(557kg, 248)/Dashboard/gear stick(xxxxx)/Bolts/BoltPM","-1.86442165E-07;0.039082218;-0.0136232367","-1.06580741E-14;1.05212114E-14;4.872307E-14;1","0.6;0.6;0.6",0.012,6,8,ConfigurationTransferred
109134,"trigger_gear_stick","",64972,"SATSUMA(557kg, 248)/Dashboard/center console gt(xxxxx)",9281,45337,"SATSUMA(557kg, 248)/Dashboard/center console gt(xxxxx)/Bolts/BoltPM","0.0283466615;-0.0251754671;-0.0136236791","1.19208877E-07;-2.605137E-07;3.16941765E-07;1","0.5999999;0.6;0.6",0.012,6,8,ConfigurationTransferred
109134,"trigger_gear_stick","",64972,"SATSUMA(557kg, 248)/Dashboard/center console gt(xxxxx)",23336,59393,"SATSUMA(557kg, 248)/Dashboard/center console gt(xxxxx)/Bolts/BoltPM","-0.02858196;-0.0251753256;-0.013623612","1.19208877E-07;-2.605137E-07;3.16941765E-07;1","0.5999999;0.6;0.6",0.012,6,8,ConfigurationTransferred
109134,"trigger_gear_stick","",59024,"SATSUMA(557kg, 248)/Dashboard/gear stick(xxxxx)",24083,60145,"SATSUMA(557kg, 248)/Dashboard/gear stick(xxxxx)/Bolts/BoltPM","-0.02858196;-0.0251753256;-0.013623612","1.19208877E-07;-2.605137E-07;3.16941765E-07;1","0.5999999;0.6;0.6",0.012,6,8,ConfigurationTransferred
109134,"trigger_gear_stick","",64972,"SATSUMA(557kg, 248)/Dashboard/center console gt(xxxxx)",33997,70050,"SATSUMA(557kg, 248)/Dashboard/center console gt(xxxxx)/Bolts/BoltPM","-1.86442151E-07;0.039082218;-0.0136232367","-1.06580741E-14;1.05212114E-14;4.872307E-14;1","0.6;0.6;0.6",0.012,6,8,ConfigurationTransferred
109134,"trigger_gear_stick","",59024,"SATSUMA(557kg, 248)/Dashboard/gear stick(xxxxx)",35999,72043,"SATSUMA(557kg, 248)/Dashboard/gear stick(xxxxx)/Bolts/BoltPM","0.0283466615;-0.0251754671;-0.0136236791","1.19208877E-07;-2.605137E-07;3.16941765E-07;1","0.5999999;0.6;0.6",0.012,6,8,ConfigurationTransferred
108507,"trigger_halfshaft_fl","halfshaft(Clone)",48337,"SATSUMA(557kg, 248)/Chassis/FL/halfshaft_fl",17861,53923,"SATSUMA(557kg, 248)/Chassis/FL/halfshaft_fl/BoltPM","-0.021795772;-0.0220652223;1.16686773","0.500001132;-0.5000011;-0.499998957;0.499998957","0.9;0.9;0.6",0.012,9,8,ConfigurationTransferred
108507,"trigger_halfshaft_fl","halfshaft(Clone)",48337,"SATSUMA(557kg, 248)/Chassis/FL/halfshaft_fl",29540,65587,"SATSUMA(557kg, 248)/Chassis/FL/halfshaft_fl/BoltPM","-0.02179576;0.0443708;1.12961435","0.500001132;-0.5000011;-0.499998957;0.499998957","0.9;0.9;0.6",0.012,9,8,ConfigurationTransferred
108507,"trigger_halfshaft_fl","halfshaft(Clone)",48337,"SATSUMA(557kg, 248)/Chassis/FL/halfshaft_fl",35188,71235,"SATSUMA(557kg, 248)/Chassis/FL/halfshaft_fl/BoltPM","-0.0217957478;-0.0233245641;1.09200048","0.5000011;-0.500001;-0.499999017;0.499999017","0.9;0.9;0.6",0.012,9,8,ConfigurationTransferred
110985,"trigger_halfshaft_fr","halfshaft(Clone)",60434,"SATSUMA(557kg, 248)/Chassis/FR/halfshaft_fr",5425,41481,"SATSUMA(557kg, 248)/Chassis/FR/halfshaft_fr/BoltPM","0.0217127688;0.0442868173;0.00391061325","-0.499999285;0.4999991;-0.5000008;0.5000009","0.899999857;0.899999857;0.599999964",0.012,9,8,ConfigurationTransferred
110985,"trigger_halfshaft_fr","halfshaft(Clone)",60434,"SATSUMA(557kg, 248)/Chassis/FR/halfshaft_fr",7965,44020,"SATSUMA(557kg, 248)/Chassis/FR/halfshaft_fr/BoltPM","0.0217127819;-0.0228859484;-0.03374808","-0.499999285;0.4999991;-0.5000008;0.5000009","0.899999857;0.899999857;0.599999964",0.012,9,8,ConfigurationTransferred
110985,"trigger_halfshaft_fr","halfshaft(Clone)",60434,"SATSUMA(557kg, 248)/Chassis/FR/halfshaft_fr",21688,57744,"SATSUMA(557kg, 248)/Chassis/FR/halfshaft_fr/BoltPM","0.0217127576;-0.02189362;0.0413594954","-0.499999285;0.4999991;-0.5000008;0.5000009","0.899999857;0.899999857;0.599999964",0.012,9,8,ConfigurationTransferred
110639,"trigger_handbrake","handbrake(Clone)",65418,"SATSUMA(557kg, 248)/MiscParts/HandBrake/handbrake(xxxxx)",19671,55735,"SATSUMA(557kg, 248)/MiscParts/HandBrake/handbrake(xxxxx)/BoltPM","-0.025499139;-0.0174993873;0.0510000251","-1.19209275E-07;1.629199E-14;-2.0663208E-07;1","0.8000006;0.800000966;0.88000077",0.012,8,8,ConfigurationTransferred
110639,"trigger_handbrake","handbrake(Clone)",65418,"SATSUMA(557kg, 248)/MiscParts/HandBrake/handbrake(xxxxx)",27083,63139,"SATSUMA(557kg, 248)/MiscParts/HandBrake/handbrake(xxxxx)/BoltPM","0.0245000981;-0.01749942;0.0510000251","-1.19209275E-07;1.62919859E-14;-2.0663208E-07;1","0.8000006;0.8000007;0.880000532",0.012,8,8,ConfigurationTransferred
110639,"trigger_handbrake","handbrake(Clone)",65418,"SATSUMA(557kg, 248)/MiscParts/HandBrake/handbrake(xxxxx)",29698,65746,"SATSUMA(557kg, 248)/MiscParts/HandBrake/handbrake(xxxxx)/BoltPM","-0.0254990738;0.08010058;0.0510000065","-1.19209275E-07;1.62919859E-14;-2.0663208E-07;1","0.8000006;0.8000007;0.880000532",0.012,8,8,ConfigurationTransferred
110639,"trigger_handbrake","handbrake(Clone)",65418,"SATSUMA(557kg, 248)/MiscParts/HandBrake/handbrake(xxxxx)",31971,68029,"SATSUMA(557kg, 248)/MiscParts/HandBrake/handbrake(xxxxx)/BoltPM","0.0245001633;0.08010055;0.05096001","-1.19209275E-07;1.62919876E-14;-2.0663208E-07;1","0.8000006;0.8000005;0.8800003",0.012,8,8,ConfigurationTransferred
110639,"trigger_handbrake","handbrake(Clone)",65418,"SATSUMA(557kg, 248)/MiscParts/HandBrake/handbrake(xxxxx)",32631,68693,"SATSUMA(557kg, 248)/MiscParts/HandBrake/handbrake(xxxxx)/BoltPM","-3.07465234E-05;-0.684509635;0.0609501936","1;-4.37113847E-08;1.62920671E-07;1.192093E-07","0.5;0.5;0.5",0.012,5,8,ConfigurationTransferred
104186,"trigger_marker_left","marker light left(Clone)",41074,"SATSUMA(557kg, 248)/MiscParts/marker light left(xxxxx)",32765,68828,"SATSUMA(557kg, 248)/MiscParts/marker light left(xxxxx)/BoltPM","2.39808173E-13;-0.0246002246;0.0324000046","1.18423676E-15;-1.62367176E-22;1.10115683E-21;1","0.6;0.6;0.6",0.02,6,8,ConfigurationTransferred
108895,"trigger_marker_right","marker light right(Clone)",44081,"SATSUMA(557kg, 248)/MiscParts/marker light right(xxxxx)",25893,61951,"SATSUMA(557kg, 248)/MiscParts/marker light right(xxxxx)/BoltPM","2.38031816E-13;-0.0246002246;0.0324000046","1.18423676E-15;1.55270419E-22;6.776406E-22;1","0.6;0.6;0.6",0.02,6,8,ConfigurationTransferred
111062,"trigger_n2o_holder","n2o bottle holder(Clone)",56240,"SATSUMA(557kg, 248)/Interior/n2o bottle holder(xxxxx)",27097,63153,"SATSUMA(557kg, 248)/Interior/n2o bottle holder(xxxxx)/Bolts/BoltPM","-8.26309133E-07;-0.0690017641;-0.0542051047","-0.430459142;-0.430459529;-0.560985863;0.5609853","0.700000048;0.7000001;0.7",0.02,7,8,ConfigurationTransferred
111062,"trigger_n2o_holder","n2o bottle holder(Clone)",56240,"SATSUMA(557kg, 248)/Interior/n2o bottle holder(xxxxx)",34049,70101,"SATSUMA(557kg, 248)/Interior/n2o bottle holder(xxxxx)/Bolts/BoltPM","-2.42243937E-06;-0.112199016;0.107009031","-0.430459142;-0.430459529;-0.560985863;0.5609853","0.700000048;0.7000001;0.7",0.02,7,8,ConfigurationTransferred
105206,"trigger_racing_harness","racing harness(Clone)",62140,"SATSUMA(557kg, 248)/Interior/racing harness(xxxxx)",311,36357,"SATSUMA(557kg, 248)/Interior/racing harness(xxxxx)/BoltPM","-0.061499726;-0.374599963;0.4504","0.2143077;2.29774373E-14;-4.76657542E-15;0.9767662","0.8;0.8;0.8",0.012,8,8,ConfigurationTransferred
105206,"trigger_racing_harness","racing harness(Clone)",62140,"SATSUMA(557kg, 248)/Interior/racing harness(xxxxx)",506,36556,"SATSUMA(557kg, 248)/Interior/racing harness(xxxxx)/BoltPM","0.241700053;-0.156999379;-0.223","0.7071066;4.550143E-07;0.707107067;-3.673269E-07","0.80000025;0.800000668;0.800000668",0.012,8,8,ConfigurationTransferred
105206,"trigger_racing_harness","racing harness(Clone)",62140,"SATSUMA(557kg, 248)/Interior/racing harness(xxxxx)",9150,45205,"SATSUMA(557kg, 248)/Interior/racing harness(xxxxx)/BoltPM","0.06229957;-0.374600023;0.4504","0.214307711;2.667584E-14;-5.97888031E-15;0.9767662","0.8;0.8;0.8",0.012,8,8,ConfigurationTransferred
105206,"trigger_racing_harness","racing harness(Clone)",62140,"SATSUMA(557kg, 248)/Interior/racing harness(xxxxx)",22999,59057,"SATSUMA(557kg, 248)/Interior/racing harness(xxxxx)/BoltPM","-0.239499092;-0.156699732;-0.222499982","-1.11346147E-07;-0.707106948;1.26729958E-07;0.7071066","0.800000131;0.8000003;0.8000005",0.012,8,8,ConfigurationTransferred
104174,"trigger_radiator","radiator(Clone)",41419,"SATSUMA(557kg, 248)/MiscParts/racing radiator(xxxxx)",11215,47265,"SATSUMA(557kg, 248)/MiscParts/racing radiator(xxxxx)/BoltPM","0.196099609;0.0349999;0.15401","0.7071068;-1.46110949E-07;-1.46110978E-07;0.7071067","0.7;0.699999869;0.49999994",0.012,7,8,ConfigurationTransferred
104174,"trigger_radiator","radiator(Clone)",71613,"SATSUMA(557kg, 248)/MiscParts/radiator(xxxxx)",15609,51669,"SATSUMA(557kg, 248)/MiscParts/radiator(xxxxx)/BoltPM","0.238535255;0.03492074;-0.0442785025","0.7071068;-1.46110963E-07;-1.46110992E-07;0.7071067","0.7;0.699999869;0.49999994",0.012,7,8,ConfigurationTransferred
104174,"trigger_radiator","radiator(Clone)",71613,"SATSUMA(557kg, 248)/MiscParts/radiator(xxxxx)",21962,58018,"SATSUMA(557kg, 248)/MiscParts/radiator(xxxxx)/BoltPM","-0.192175537;0.034921;0.116656385","0.70710665;2.36508167E-14;-1.31252288E-17;0.7071069","0.7;0.7;0.5",0.012,7,8,ConfigurationTransferred
104174,"trigger_radiator","radiator(Clone)",41419,"SATSUMA(557kg, 248)/MiscParts/racing radiator(xxxxx)",23775,59840,"SATSUMA(557kg, 248)/MiscParts/racing radiator(xxxxx)/BoltPM","0.1951898;0.0348997973;-0.12675","0.7071068;-1.46110949E-07;-1.46110978E-07;0.7071067","0.7;0.699999869;0.49999994",0.012,7,8,ConfigurationTransferred
104174,"trigger_radiator","radiator(Clone)",71613,"SATSUMA(557kg, 248)/MiscParts/radiator(xxxxx)",26866,62919,"SATSUMA(557kg, 248)/MiscParts/radiator(xxxxx)/BoltPM","-0.192175537;0.0349210277;-0.09732521","0.7071068;-1.46110963E-07;-1.46110992E-07;0.7071067","0.7;0.699999869;0.49999994",0.012,7,8,ConfigurationTransferred
104174,"trigger_radiator","radiator(Clone)",41419,"SATSUMA(557kg, 248)/MiscParts/racing radiator(xxxxx)",28090,64144,"SATSUMA(557kg, 248)/MiscParts/racing radiator(xxxxx)/BoltPM","-0.377001435;0.03490017;-0.1321","0.7071068;-1.46110949E-07;-1.46110978E-07;0.7071067","0.7;0.699999869;0.49999994",0.012,7,8,ConfigurationTransferred
104174,"trigger_radiator","radiator(Clone)",71613,"SATSUMA(557kg, 248)/MiscParts/radiator(xxxxx)",34901,70953,"SATSUMA(557kg, 248)/MiscParts/radiator(xxxxx)/BoltPM","0.238535255;0.034920726;0.06607366","0.7071068;-1.46110963E-07;-1.46110992E-07;0.7071067","0.7;0.699999869;0.49999994",0.012,7,8,ConfigurationTransferred
104174,"trigger_radiator","radiator(Clone)",41419,"SATSUMA(557kg, 248)/MiscParts/racing radiator(xxxxx)",36052,72097,"SATSUMA(557kg, 248)/MiscParts/racing radiator(xxxxx)/BoltPM","-0.3766009;0.03500027;0.1665","0.70710665;2.5158454E-14;-1.01338353E-14;0.7071069","0.7;0.6999999;0.5",0.012,7,8,ConfigurationTransferred
104356,"trigger_radiator_hose1","radiator hose1(Clone)",66320,"SATSUMA(557kg, 248)/MiscParts/radiator hose1(xxxxx)",4356,40414,"SATSUMA(557kg, 248)/MiscParts/radiator hose1(xxxxx)/BoltPM","0.05400876;0.155750364;0.06373999","7.76005265E-07;0.485572726;2.59292321E-08;0.8741963","0.65;0.65;0.65",0.012,6,8,ConfigurationTransferred
104356,"trigger_radiator_hose1","radiator hose1(Clone)",66320,"SATSUMA(557kg, 248)/MiscParts/radiator hose1(xxxxx)",16548,52612,"SATSUMA(557kg, 248)/MiscParts/radiator hose1(xxxxx)/BoltPM","-0.0266006961;-0.0536001325;-0.026","0.0246779565;0.7066761;-0.0246773921;0.706676","0.650000036;0.6500004;0.6500003",0.012,6,8,ConfigurationTransferred
111204,"trigger_radiator_hose3","radiator hose3(Clone)",64836,"SATSUMA(557kg, 248)/MiscParts/radiator hose3(xxxxx)",3667,39723,"SATSUMA(557kg, 248)/MiscParts/radiator hose3(xxxxx)/BoltPM","-0.0007502698;0.347370267;0.04242","-2.69280378E-07;-0.491979748;-9.92508E-08;0.870606661","0.6499999;0.650000334;0.6500002",0.012,6,8,ConfigurationTransferred
111204,"trigger_radiator_hose3","radiator hose3(Clone)",64836,"SATSUMA(557kg, 248)/MiscParts/radiator hose3(xxxxx)",32903,68964,"SATSUMA(557kg, 248)/MiscParts/radiator hose3(xxxxx)/BoltPM","-0.0360098332;-0.14041023;0.04106","-0.478132039;0.5209504;0.4781328;0.5209506","0.650000751;0.6500009;0.650000632",0.012,7,8,ConfigurationTransferred
107329,"trigger_shock_fl","strut fl(Clone)",49879,"SATSUMA(557kg, 248)/Chassis/FL/strut fl(xxxxx)",11766,47815,"SATSUMA(557kg, 248)/Chassis/FL/strut fl(xxxxx)/BoltPM","0.0449103341;0.0150122568;0.000426918676","-0.751106858;0.07364962;-6.89910962E-07;0.656059563","0.99999994;1.00000012;1.00000024",0.012,10,8,ConfigurationTransferred
107329,"trigger_shock_fl","strut fl(Clone)",49879,"SATSUMA(557kg, 248)/Chassis/FL/strut fl(xxxxx)",17717,53776,"SATSUMA(557kg, 248)/Chassis/FL/strut fl(xxxxx)/BoltPM","-0.0186135136;0.0186603349;-0.03629958","-0.751106858;0.07364962;-6.89910962E-07;0.656059563","0.99999994;1.00000012;1.00000024",0.012,10,8,ConfigurationTransferred
107329,"trigger_shock_fl","strut fl(Clone)",49879,"SATSUMA(557kg, 248)/Chassis/FL/strut fl(xxxxx)",25111,61168,"SATSUMA(557kg, 248)/Chassis/FL/strut fl(xxxxx)/BoltPM","-0.0192246847;0.0237935819;0.0359061","-0.751106858;0.07364962;-6.89910962E-07;0.656059563","0.99999994;1.00000012;1.00000024",0.012,10,8,ConfigurationTransferred
108451,"trigger_shock_fr","strut fr(Clone)",51184,"SATSUMA(557kg, 248)/Chassis/FR/strut fr(xxxxx)",5847,41902,"SATSUMA(557kg, 248)/Chassis/FR/strut fr(xxxxx)/BoltPM","-0.0457550362;0.017336769;0.0002243099","-0.634042144;0.373681515;0.393449545;0.550953865","1.00000012;1.00000012;1",0.012,10,8,ConfigurationTransferred
108451,"trigger_shock_fr","strut fr(Clone)",51184,"SATSUMA(557kg, 248)/Chassis/FR/strut fr(xxxxx)",6442,42496,"SATSUMA(557kg, 248)/Chassis/FR/strut fr(xxxxx)/BoltPM","0.01728125;0.01855964;-0.0358622931","-0.6340419;0.3736814;0.3934502;0.5509538","1;1;1",0.012,10,8,ConfigurationTransferred
108451,"trigger_shock_fr","strut fr(Clone)",51184,"SATSUMA(557kg, 248)/Chassis/FR/strut fr(xxxxx)",14605,50660,"SATSUMA(557kg, 248)/Chassis/FR/strut fr(xxxxx)/BoltPM","0.0189681351;0.0243411586;0.03577868","-0.634042144;0.373681515;0.393449545;0.550953865","1.00000012;1.00000012;1",0.012,10,8,ConfigurationTransferred
113437,"trigger_shock_rally_fl","rally strut fl(Clone)",43770,"SATSUMA(557kg, 248)/Chassis/FL/strut fl rally(xxxxx)",25566,61629,"SATSUMA(557kg, 248)/Chassis/FL/strut fl rally(xxxxx)/BoltPM","0.0449103341;0.0150122568;0.000426918676","-0.751106858;0.07364962;-6.89910962E-07;0.656059563","0.99999994;1.00000012;1.00000024",0.012,10,8,ConfigurationTransferred
113437,"trigger_shock_rally_fl","rally strut fl(Clone)",43770,"SATSUMA(557kg, 248)/Chassis/FL/strut fl rally(xxxxx)",26576,62634,"SATSUMA(557kg, 248)/Chassis/FL/strut fl rally(xxxxx)/BoltPM","-0.0186135136;0.0186603349;-0.03629958","-0.751106858;0.07364962;-6.89910962E-07;0.656059563","0.99999994;1.00000012;1.00000024",0.012,10,8,ConfigurationTransferred
113437,"trigger_shock_rally_fl","rally strut fl(Clone)",43770,"SATSUMA(557kg, 248)/Chassis/FL/strut fl rally(xxxxx)",30339,66390,"SATSUMA(557kg, 248)/Chassis/FL/strut fl rally(xxxxx)/BoltPM","-0.0192246847;0.0237935819;0.0359061","-0.751106858;0.07364962;-6.89910962E-07;0.656059563","0.99999994;1.00000012;1.00000024",0.012,10,8,ConfigurationTransferred
108599,"trigger_shock_rally_fr","rally strut fr(Clone)",40776,"SATSUMA(557kg, 248)/Chassis/FR/strut fr rally(xxxxx)",144,36190,"SATSUMA(557kg, 248)/Chassis/FR/strut fr rally(xxxxx)/BoltPM","-0.0457550362;0.017336769;0.0002243099","-0.634042144;0.373681515;0.393449545;0.550953865","1.00000012;1.00000012;1",0.012,10,8,ConfigurationTransferred
108599,"trigger_shock_rally_fr","rally strut fr(Clone)",40776,"SATSUMA(557kg, 248)/Chassis/FR/strut fr rally(xxxxx)",6045,42099,"SATSUMA(557kg, 248)/Chassis/FR/strut fr rally(xxxxx)/BoltPM","0.0189681351;0.0243411586;0.03577868","-0.634042144;0.373681515;0.393449545;0.550953865","1.00000012;1.00000012;1",0.012,10,8,ConfigurationTransferred
108599,"trigger_shock_rally_fr","rally strut fr(Clone)",40776,"SATSUMA(557kg, 248)/Chassis/FR/strut fr rally(xxxxx)",8292,44344,"SATSUMA(557kg, 248)/Chassis/FR/strut fr rally(xxxxx)/BoltPM","0.01728125;0.01855964;-0.0358622931","-0.6340419;0.3736814;0.3934502;0.5509538","1;1;1",0.012,10,8,ConfigurationTransferred
108387,"trigger_shock_rally_rl","rally shock absorber(Clone)",51146,"SATSUMA(557kg, 248)/Chassis/RL/ShockTop/Arm/shock absorber rally(rlxxx)",1804,37862,"SATSUMA(557kg, 248)/Chassis/RL/ShockTop/Arm/shock absorber rally(rlxxx)/BoltPM","4.20962635E-07;5.581E-07;0.0156195387","-5.921192E-16;2.36867639E-15;2.36808262E-15;1","1.2;1.2;1.2",0.012,12,8,ConfigurationTransferred
108387,"trigger_shock_rally_rl","rally shock absorber(Clone)",48298,"SATSUMA(557kg, 248)/Chassis/RL/TrailArm/Arm/ShockBottom/Arm/shock_bottom_rally_mesh",12842,48891,"SATSUMA(557kg, 248)/Chassis/RL/TrailArm/Arm/ShockBottom/Arm/shock_bottom_rally_mesh/DamperAdjustment/BoltPM","0.009999971;-0.02929931;0.0639999956","-1.97336811E-20;1.33817491E-20;0.7071066;0.707107","0.6499999;0.6499999;0.65",0.016,6,8,ConfigurationTransferred
108387,"trigger_shock_rally_rl","rally shock absorber(Clone)",48298,"SATSUMA(557kg, 248)/Chassis/RL/TrailArm/Arm/ShockBottom/Arm/shock_bottom_rally_mesh",16044,52108,"SATSUMA(557kg, 248)/Chassis/RL/TrailArm/Arm/ShockBottom/Arm/shock_bottom_rally_mesh/BoltPM","-0.0299885385;4.64753953E-07;-0.006713004","4.371138E-08;1;2.10734228E-07;-1.004859E-14","0.600000143;0.6000001;0.6000001",0.012,6,8,ConfigurationTransferred
108387,"trigger_shock_rally_rl","rally shock absorber(Clone)",48298,"SATSUMA(557kg, 248)/Chassis/RL/TrailArm/Arm/ShockBottom/Arm/shock_bottom_rally_mesh",27168,63224,"SATSUMA(557kg, 248)/Chassis/RL/TrailArm/Arm/ShockBottom/Arm/shock_bottom_rally_mesh/DamperAdjustment/BoltPM","-0.0100004869;-0.0292993039;0.0639999956","-1.97336811E-20;1.33817491E-20;0.7071066;0.707107","0.6499999;0.6499999;0.65",0.016,6,8,ConfigurationTransferred
108387,"trigger_shock_rally_rl","rally shock absorber(Clone)",48298,"SATSUMA(557kg, 248)/Chassis/RL/TrailArm/Arm/ShockBottom/Arm/shock_bottom_rally_mesh",30529,66577,"SATSUMA(557kg, 248)/Chassis/RL/TrailArm/Arm/ShockBottom/Arm/shock_bottom_rally_mesh/BoltPM","0.0288579352;4.45579218E-07;-0.006712646","2.21039431E-15;1;1.20030318E-15;-4.371139E-08","0.6;0.6;0.6",0.012,6,8,ConfigurationTransferred
111580,"trigger_shock_rally_rr","rally shock absorber(Clone)",59651,"SATSUMA(557kg, 248)/Chassis/RR/TrailArm/Arm/ShockBottom/Arm/shock_bottom_rally_mesh",1082,37141,"SATSUMA(557kg, 248)/Chassis/RR/TrailArm/Arm/ShockBottom/Arm/shock_bottom_rally_mesh/DamperAdjustment/BoltPM","-0.009999502;-0.0292999428;0.064","1.15945978E-15;-2.70538618E-15;0.7071066;0.707106948","0.65;0.65;0.65",0.016,6,8,ConfigurationTransferred
111580,"trigger_shock_rally_rr","rally shock absorber(Clone)",59651,"SATSUMA(557kg, 248)/Chassis/RR/TrailArm/Arm/ShockBottom/Arm/shock_bottom_rally_mesh",1971,38026,"SATSUMA(557kg, 248)/Chassis/RR/TrailArm/Arm/ShockBottom/Arm/shock_bottom_rally_mesh/BoltPM","0.0287444741;-2.341171E-07;-0.00671299966","1;-6.993698E-09;2.97107028E-09;-9.386066E-08","0.600000143;0.6;0.6",0.012,6,8,ConfigurationTransferred
111580,"trigger_shock_rally_rr","rally shock absorber(Clone)",59651,"SATSUMA(557kg, 248)/Chassis/RR/TrailArm/Arm/ShockBottom/Arm/shock_bottom_rally_mesh",19707,55771,"SATSUMA(557kg, 248)/Chassis/RR/TrailArm/Arm/ShockBottom/Arm/shock_bottom_rally_mesh/BoltPM","-0.0301010329;-2.09798344E-07;-0.00671299966","1;-6.993698E-09;2.97107028E-09;-9.386066E-08","0.600000143;0.6;0.6",0.012,6,8,ConfigurationTransferred
111580,"trigger_shock_rally_rr","rally shock absorber(Clone)",59651,"SATSUMA(557kg, 248)/Chassis/RR/TrailArm/Arm/ShockBottom/Arm/shock_bottom_rally_mesh",21186,57250,"SATSUMA(557kg, 248)/Chassis/RR/TrailArm/Arm/ShockBottom/Arm/shock_bottom_rally_mesh/DamperAdjustment/BoltPM","0.0100009507;-0.02929995;0.064","1.15945978E-15;-2.70538618E-15;0.7071066;0.707106948","0.65;0.65;0.65",0.016,6,8,ConfigurationTransferred
111580,"trigger_shock_rally_rr","rally shock absorber(Clone)",64556,"SATSUMA(557kg, 248)/Chassis/RR/ShockTop/Arm/shock absorber rally(rrxxx)",33631,69688,"SATSUMA(557kg, 248)/Chassis/RR/ShockTop/Arm/shock absorber rally(rrxxx)/BoltPM","2.797523E-07;6.76001264E-07;0.015619888","-2.368478E-15;1.97445519E-15;-2.56656912E-15;1","1.200001;1.2;1.2",0.012,12,8,ConfigurationTransferred
109923,"trigger_shock_rl","shock absorber(Clone)",54385,"SATSUMA(557kg, 248)/Chassis/RL/TrailArm/Arm/ShockBottom/Arm/shock_bottom_mesh",14981,51042,"SATSUMA(557kg, 248)/Chassis/RL/TrailArm/Arm/ShockBottom/Arm/shock_bottom_mesh/BoltPM","-0.0299885385;4.64753953E-07;-0.006713004","4.371138E-08;1;2.10734228E-07;-1.004859E-14","0.600000143;0.6000001;0.6000001",0.012,6,8,ConfigurationTransferred
109923,"trigger_shock_rl","shock absorber(Clone)",54385,"SATSUMA(557kg, 248)/Chassis/RL/TrailArm/Arm/ShockBottom/Arm/shock_bottom_mesh",19570,55634,"SATSUMA(557kg, 248)/Chassis/RL/TrailArm/Arm/ShockBottom/Arm/shock_bottom_mesh/BoltPM","0.0288579352;4.45579218E-07;-0.006712646","2.21039431E-15;1;1.20030318E-15;-4.371139E-08","0.6;0.6;0.6",0.012,6,8,ConfigurationTransferred
109923,"trigger_shock_rl","shock absorber(Clone)",69228,"SATSUMA(557kg, 248)/Chassis/RL/ShockTop/Arm/shock absorber(rlxxx)",22910,58968,"SATSUMA(557kg, 248)/Chassis/RL/ShockTop/Arm/shock absorber(rlxxx)/BoltPM","4.20962976E-07;5.581E-07;0.0156195387","-5.921183E-16;1.7765578E-15;7.10503349E-15;1","1.2;1.2;1.2",0.012,12,8,ConfigurationTransferred
110041,"trigger_shock_rr","shock absorber(Clone)",45970,"SATSUMA(557kg, 248)/Chassis/RR/ShockTop/Arm/shock absorber(rrxxx)",15354,51409,"SATSUMA(557kg, 248)/Chassis/RR/ShockTop/Arm/shock absorber(rrxxx)/BoltPM","2.797523E-07;6.76001264E-07;0.015619888","-2.36847819E-15;1.38233458E-15;-2.56656912E-15;1","1.200001;1.2;1.2",0.012,12,8,ConfigurationTransferred
110041,"trigger_shock_rr","shock absorber(Clone)",63605,"SATSUMA(557kg, 248)/Chassis/RR/TrailArm/Arm/ShockBottom/Arm/shock_bottom_mesh",17420,53482,"SATSUMA(557kg, 248)/Chassis/RR/TrailArm/Arm/ShockBottom/Arm/shock_bottom_mesh/BoltPM","-0.0301010329;-2.09798827E-07;-0.00671299966","1;-6.9936914E-09;2.97107028E-09;-9.386066E-08","0.600000143;0.6;0.6",0.012,6,8,ConfigurationTransferred
110041,"trigger_shock_rr","shock absorber(Clone)",63605,"SATSUMA(557kg, 248)/Chassis/RR/TrailArm/Arm/ShockBottom/Arm/shock_bottom_mesh",20807,56872,"SATSUMA(557kg, 248)/Chassis/RR/TrailArm/Arm/ShockBottom/Arm/shock_bottom_mesh/BoltPM","0.0287444741;-2.34117564E-07;-0.00671299966","1;-6.9936914E-09;2.97107028E-09;-9.386066E-08","0.600000143;0.6;0.6",0.012,6,8,ConfigurationTransferred
111700,"trigger_spindle_fl","spindle fl(Clone)",57671,"SATSUMA(557kg, 248)/FL/AckerFL/wheelFL/SpindleFL/OFFSET/spindle fl(xxxxx)",32647,68709,"SATSUMA(557kg, 248)/FL/AckerFL/wheelFL/SpindleFL/OFFSET/spindle fl(xxxxx)/BoltPM","-0.0150008257;3.15058344E-08;-0.1","0.9659259;-1.22955967E-07;-0.258819073;1.70599364E-07","1.2;1.20000029;1.20000017",0.015,12,8,ConfigurationTransferred
110678,"trigger_spindle_fr","spindle fr(Clone)",58329,"SATSUMA(557kg, 248)/FR/AckerFR/wheelFR/SpindleFR/OFFSET/spindle fr(xxxxx)",25781,61842,"SATSUMA(557kg, 248)/FR/AckerFR/wheelFR/SpindleFR/OFFSET/spindle fr(xxxxx)/BoltPM","0.0150003685;-3.867867E-07;-0.102999993","0.9848078;-2.1899541E-07;0.173648268;3.03761851E-07","1.2;1.20000029;1.20000017",0.015,12,8,ConfigurationTransferred
113001,"trigger_steering_axle","steering rack(Clone)",68773,"SATSUMA(557kg, 248)/Chassis/steering rack(xxxxx)",15997,52063,"SATSUMA(557kg, 248)/Chassis/steering rack(xxxxx)/BoltPM","0.183715746;-0.04254028;0.0159591027","-0.0972709;-8.508155E-07;5.10213063E-08;0.995258","0.9;0.9;0.9",0.012,9,8,ConfigurationTransferred
113001,"trigger_steering_axle","steering rack(Clone)",68773,"SATSUMA(557kg, 248)/Chassis/steering rack(xxxxx)",22446,58500,"SATSUMA(557kg, 248)/Chassis/steering rack(xxxxx)/BoltPM","0.1837155;0.0183956977;0.00393299339","-0.09727095;-4.2332664E-07;1.32829046E-08;0.995258","0.9;0.9;0.9",0.012,9,8,ConfigurationTransferred
113001,"trigger_steering_axle","steering rack(Clone)",68773,"SATSUMA(557kg, 248)/Chassis/steering rack(xxxxx)",26377,62435,"SATSUMA(557kg, 248)/Chassis/steering rack(xxxxx)/BoltPM","-0.183980927;-0.0425408036;0.0159584377","-0.0972709;-8.508155E-07;5.10213063E-08;0.995258","0.9;0.9;0.9",0.012,9,8,ConfigurationTransferred
113001,"trigger_steering_axle","steering rack(Clone)",68773,"SATSUMA(557kg, 248)/Chassis/steering rack(xxxxx)",26536,62595,"SATSUMA(557kg, 248)/Chassis/steering rack(xxxxx)/BoltPM","-0.183979258;0.0183961242;0.003932388","-0.0972709;-8.508155E-07;5.10213063E-08;0.995258","0.9;0.9;0.9",0.012,9,8,ConfigurationTransferred
109461,"trigger_steering_column","steering column(Clone)",52534,"SATSUMA(557kg, 248)/Dashboard/Steering/CarSteeringPivot/steering column(xxxxx)",21772,57828,"SATSUMA(557kg, 248)/Dashboard/Steering/CarSteeringPivot/steering column(xxxxx)/Bolts/BoltPM","-6.99725433E-09;0.383301139;-0.0239907559","-0.707106948;-3.695E-07;2.844009E-07;0.7071066","0.7999999;0.8000011;0.7000008",0.012,8,8,ConfigurationTransferred
109461,"trigger_steering_column","steering column(Clone)",37528,"SATSUMA(557kg, 248)/Dashboard/Steering/steering_column2",23280,59336,"SATSUMA(557kg, 248)/Dashboard/Steering/steering_column2/tachometer(xxxx1)/Bolts/BoltPM","-0.06382637;-0.255560845;0.0354480371","-0.0003908301;-0.0219241772;-0.0172674526;0.9996104","0.49999997;0.50000006;0.50000006",0.02,5,8,ConfigurationTransferred
109461,"trigger_steering_column","steering column(Clone)",52534,"SATSUMA(557kg, 248)/Dashboard/Steering/CarSteeringPivot/steering column(xxxxx)",24112,60175,"SATSUMA(557kg, 248)/Dashboard/Steering/CarSteeringPivot/steering column(xxxxx)/Bolts/BoltPM","1.08873451E-06;0.383300334;0.022870075","-0.7071068;1.60598923E-10;2.13526266E-10;0.7071067","0.8;0.8000002;0.700000048",0.012,8,8,ConfigurationTransferred
106827,"trigger_trailarm_rl","trail arm rl(Clone)",47549,"SATSUMA(557kg, 248)/Chassis/RL/TrailArm/Arm/trail arm rl(xxxxx)",27837,63892,"SATSUMA(557kg, 248)/Chassis/RL/TrailArm/Arm/trail arm rl(xxxxx)/BoltPM","0.03909935;-6.346234E-07;-0.00539396843","-0.7071065;4.43471151E-07;0.7071072;2.563582E-07","1.20000136;1.20000029;1.20000017",0.012,12,8,ConfigurationTransferred
106827,"trigger_trailarm_rl","trail arm rl(Clone)",47549,"SATSUMA(557kg, 248)/Chassis/RL/TrailArm/Arm/trail arm rl(xxxxx)",35925,71971,"SATSUMA(557kg, 248)/Chassis/RL/TrailArm/Arm/trail arm rl(xxxxx)/BoltPM","-0.0581286736;-5.944425E-07;-0.005393879","2.82242326E-07;0.707107365;-9.464362E-07;0.7071062","1.20000184;1.20000052;1.2",0.012,12,8,ConfigurationTransferred
104310,"trigger_trailarm_rr","trail arm rr(Clone)",69310,"SATSUMA(557kg, 248)/Chassis/RR/TrailArm/Arm/trail arm rr(xxxxx)",3845,39901,"SATSUMA(557kg, 248)/Chassis/RR/TrailArm/Arm/trail arm rr(xxxxx)/BoltPM","0.05755124;6.610471E-07;-0.00539323827","0.7071068;-7.0451074E-07;-0.7071068;-1.98672126E-07","1.200002;1.20000088;1.20000017",0.012,12,8,ConfigurationTransferred
104310,"trigger_trailarm_rr","trail arm rr(Clone)",69310,"SATSUMA(557kg, 248)/Chassis/RR/TrailArm/Arm/trail arm rr(xxxxx)",34592,70647,"SATSUMA(557kg, 248)/Chassis/RR/TrailArm/Arm/trail arm rr(xxxxx)/BoltPM","-0.03967583;7.012276E-07;-0.00539305946","1.1682959E-07;0.707107246;-8.00733744E-07;0.7071063","1.20000207;1.200001;1.20000029",0.012,12,8,ConfigurationTransferred
109861,"trigger_wishbone_fl","wishbone fl(Clone)",58195,"SATSUMA(557kg, 248)/Chassis/FL/Wishbone/Arm/IK_wishbone_fl",23083,59140,"SATSUMA(557kg, 248)/Chassis/FL/Wishbone/Arm/IK_wishbone_fl/BoltPM","0.00207941653;0;0.178886831","0;-5.96046377E-08;0;1","1;1;1",0.012,10,8,ConfigurationTransferred
109861,"trigger_wishbone_fl","wishbone fl(Clone)",58195,"SATSUMA(557kg, 248)/Chassis/FL/Wishbone/Arm/IK_wishbone_fl",29173,65219,"SATSUMA(557kg, 248)/Chassis/FL/Wishbone/Arm/IK_wishbone_fl/BoltPM","0.00207759463;0;-0.08355862","0;3.87430134E-07;0;1","1;1;1",0.012,10,8,ConfigurationTransferred
113744,"trigger_wishbone_fr","wishbone fr(Clone)",69123,"SATSUMA(557kg, 248)/Chassis/FR/Wishbone/Arm/IK_wishbone_fr",20424,56492,"SATSUMA(557kg, 248)/Chassis/FR/Wishbone/Arm/IK_wishbone_fr/BoltPM","0.0835593045;0;-0.00345535064","0;-0.707109;0;0.707104564","1;1;1",0.012,10,8,ConfigurationTransferred
113744,"trigger_wishbone_fr","wishbone fr(Clone)",69123,"SATSUMA(557kg, 248)/Chassis/FR/Wishbone/Arm/IK_wishbone_fr",28254,64309,"SATSUMA(557kg, 248)/Chassis/FR/Wishbone/Arm/IK_wishbone_fr/BoltPM","-0.1788871;0;-0.00345546729","0;-0.707109;0;0.707104564","1;1;1",0.012,10,8,ConfigurationTransferred
