"RosterId","FeatureId","Definition","Category","ParentFeatureId","Required","DonorEvidence","Classification","CurrentImplementation","Status","SaveCoverage","OwnerMilestone","AcceptanceEvidence","Notes"
"ITEMDEF-001","P1.ITEM.101","Sausages package","Food","P1.ITEM.008","Yes","WOP:32707 SAUSAGES_PACKAGE","Reimplemented","Data-driven perishable package has exactly four deterministic child IDs; F dispenses one physical loose sausage and never consumes the package.","PartiallyImplemented","Partial: package count/child membership/freshness use items.instances.native.v1 and physical poses use world.entities; executed round-trip passes, row-specific stream/manual proof pending","09B","Catalog and exact-four dispense assertions pass; sausage count/freshness/cook-state native round-trip added; complete Items suite and production fridge PlayMode recorded in the outside-fix report","Parent P1.ITEM.008; project-owned DefinitionId/StableEntityId. Reviewed TemporaryDirectImport wrapper generated/validated. Captured .034/.0005 freshness rates are live; manual visual/donor and provisional spoiled-effect acceptance remain pending."
"ITEMDEF-002","P1.ITEM.102","Macaroni box","Food","P1.ITEM.008","Yes","WOP:20912 MACARON_BOX","Reimplemented","One F starts a logic-owned 1.35-second whole-food action with no arm animation; the physical box disappears only on completion and freshness follows game time/cooling.","PartiallyImplemented","Partial: items.instances.native.v1 persists freshness/timestamp/consumed state and world.entities persists pose; row-specific unloaded-cell/manual proof pending","09B","Real PlayMode verifies physical-until-complete whole-food consumption; catalog rates and generic native save fields are validated","Parent P1.ITEM.008; project-owned DefinitionId/StableEntityId. Reviewed TemporaryDirectImport wrapper generated/validated. Captured .032/.0004 rates are live; manual donor/presentation and provisional spoiled-effect acceptance remain pending."
"ITEMDEF-003","P1.ITEM.103","Pizza","Food","P1.ITEM.008","Yes","WOP:6888 PIZZA","Reimplemented","One F starts generic whole-food consumption with no arm animation; freshness follows authoritative game time and active fridge cooling.","PartiallyImplemented","Partial: items.instances.native.v1 persists freshness/timestamp/consumed state and world.entities persists pose; row-specific unloaded-cell/manual proof pending","09B","Catalog definition/rates, whole-food state and production fridge environment pass automated validation","Parent P1.ITEM.008; project-owned DefinitionId/StableEntityId. Reviewed TemporaryDirectImport wrapper generated/validated. Captured .026/.0003 rates are live; manual donor/presentation and provisional spoiled-effect acceptance remain pending."
"ITEMDEF-004","P1.ITEM.104","Potato chips","Food","P1.ITEM.008","Yes","WOP:19832 POTATO_CHIPS","Reimplemented","Non-perishable ordinary food consumes whole through the shared one-F timed action and never invokes first-person arms.","PartiallyImplemented","Partial: items.instances.native.v1 persists consumed state and world.entities persists pose; row-specific stream/manual proof pending","09B","Generic whole-food and no-arm presentation paths pass automated validation","Parent P1.ITEM.008; project-owned DefinitionId/StableEntityId. Project-owned proxy fallback only; reviewed donor presentation and direct use comparison remain pending."
"ITEMDEF-005","P1.ITEM.105","Milk","DrinkFood","P1.ITEM.008","Yes","WOP:14979 MILK","Reimplemented","One F starts the shared timed whole-item action and drives the existing beer Drink viewmodel with the real carried milk object; active closed fridge applies the captured reduced rate.","PartiallyImplemented","Partial: items.instances.native.v1 persists freshness/timestamp/consumed state and world.entities persists pose; row-specific unloaded-cell/manual proof pending","09B","Catalog .06/.001 rates, authored Drink routing, generic whole-food state and production fridge electricity/door gates pass automated validation","Parent P1.ITEM.008; project-owned DefinitionId/StableEntityId. Reviewed TemporaryDirectImport wrapper generated/validated. Logic completion stays authoritative; exact donor effects and manual grip alignment remain unresolved."
"ITEMDEF-006","P1.ITEM.106","Yeast","Ingredient","P1.ITEM.010","Yes","WOP:3647 YEAST","Reimplemented","09B catalog definition plus mutable stable instance schema; generic action/state/save support exists, donor-specific use flow remains incomplete.","PartiallyImplemented","Partial: items.instances.native.v1 + world.entities pose; row-specific round-trip/stream proof pending","09B","Catalog build exit 0; definition/state validation present; row-specific use/save/stream/manual donor comparison pending","Parent P1.ITEM.010; project-owned DefinitionId/StableEntityId. Project-owned proxy fallback only; no reviewed donor wrapper is generated for this definition. 09B audit: Generic state/persistence boundary exists; donor-specific transitions, UI/audio and executed row comparison remain pending."
"ITEMDEF-007","P1.ITEM.107","Sugar","Ingredient","P1.ITEM.010","Yes","WOP:16734 SUGAR","Reimplemented","09B catalog definition plus mutable stable instance schema; generic action/state/save support exists, donor-specific use flow remains incomplete.","PartiallyImplemented","Partial: items.instances.native.v1 + world.entities pose; row-specific round-trip/stream proof pending","09B","Catalog build exit 0; definition/state validation present; row-specific use/save/stream/manual donor comparison pending","Parent P1.ITEM.010; project-owned DefinitionId/StableEntityId. Project-owned proxy fallback only; no reviewed donor wrapper is generated for this definition. 09B audit: Generic state/persistence boundary exists; donor-specific transitions, UI/audio and executed row comparison remain pending."
"ITEMDEF-008","P1.ITEM.108","Juice concentrate","Ingredient","P1.ITEM.010","Yes","WOP:29022 JUICE_CONCENTRATE; reviewed prefab Use FSM dispatches Hand/Drink","BehavioralReference;Reimplemented","One F starts timed whole-item drinking through the existing beer Drink viewmodel with the real carried juice bottle, then logic completion removes the item.","PartiallyImplemented","Partial: items.instances.native.v1 persists consumed state and world.entities persists pose; row-specific unloaded-cell/manual proof pending","09B","Catalog definition, authored Drink routing and sanitized two-mesh presentation pass automated validation","Parent P1.ITEM.010; project-owned DefinitionId/StableEntityId. Reviewed TemporaryDirectImport wrapper generated/validated. Donor FSM remains read-only evidence; exact effects, audio and manual grip comparison remain pending."
"ITEMDEF-009","P1.ITEM.109","Coffee package","Ingredient","P1.ITEM.007","Yes","WOP:34272 COFFEE","Reimplemented","09B catalog definition plus mutable stable instance schema; generic action/state/save support exists, donor-specific use flow remains incomplete.","PartiallyImplemented","Partial: items.instances.native.v1 + world.entities pose; row-specific round-trip/stream proof pending","09B","Catalog build exit 0; definition/state validation present; row-specific use/save/stream/manual donor comparison pending","Parent P1.ITEM.007; project-owned DefinitionId/StableEntityId. Project-owned proxy fallback only; no reviewed donor wrapper is generated for this definition. 09B audit: Content state is authored; donor Coffee-to-groundcoffee mapping remains unresolved."
"ITEMDEF-010","P1.ITEM.110","Charcoal","FuelConsumable","P1.ITEM.013","Yes","WOP:32178 CHARCOAL","Reimplemented","Physical charcoal package pours into a compatible data-driven combustion receiver through cavity overlap and authored tilt/rate rules; project item state remains authoritative.","PartiallyImplemented","items.instances.native.v1 persists package and receiver content; world.entities persists pose; focused state round-trip passed","09B","Catalog build and physical overlap/tilt/rate/combustion validation passed; manual carry feel, continuous audio and rendered comparison pending","Parent P1.ITEM.013; project-owned DefinitionId/StableEntityId. Reviewed temporary presentation remains replaceable. Donor mapping is resolved: package 140, Rigidbody mass 1.8 kg, grill 100, 80-degree tilt and 12 units/s physical transfer; no F transfer shortcut."
"ITEMDEF-011","P1.ITEM.111","Cigarettes","Consumable","P1.ITEM.007","Yes","WOP:25935 CIGARETTES","Reimplemented","09C-N2 consumes one of 20 units, queues provisional stress/fatigue effects and publishes a smoking presentation event.","PartiallyImplemented","items.instances + player.needs schema 3; row-specific stream/manual proof pending","09C","Catalog rebuild and focused needs/save tests pass; manual donor comparison pending acquisition","Parent P1.ITEM.007; project-owned DefinitionId/StableEntityId. Temporary project-owned smoking viewmodel exists. Teimo/shop evidence is preserved and no invented home placement was added; acquisition, exact coefficients, final presentation and routed audio remain pending."
"ITEMDEF-012","P1.ITEM.112","Mosquito spray","Consumable","P1.ITEM.007","Yes","WOP:33924 MOSQUITO_SPRAY","Reimplemented","09B catalog definition plus mutable stable instance schema; generic action/state/save support exists, donor-specific use flow remains incomplete.","PartiallyImplemented","Partial: items.instances.native.v1 + world.entities pose; row-specific round-trip/stream proof pending","09B","Catalog build exit 0; definition/state validation present; row-specific use/save/stream/manual donor comparison pending","Parent P1.ITEM.007; project-owned DefinitionId/StableEntityId. Project-owned proxy fallback only; no reviewed donor wrapper is generated for this definition. 09B audit: Generic state/persistence boundary exists; donor-specific transitions, UI/audio and executed row comparison remain pending."
"ITEMDEF-013","P1.ITEM.113","Beer case","DrinkContainer","P1.ITEM.007","Yes","WOP:34454 BEER_CASE","Reimplemented","09B catalog definition plus mutable stable instance schema; generic action/state/save support exists, donor-specific use flow remains incomplete.","PartiallyImplemented","Partial: items.instances.native.v1 + world.entities pose; row-specific round-trip/stream proof pending","09B","Catalog build exit 0; definition/state validation present; row-specific use/save/stream/manual donor comparison pending","Parent P1.ITEM.007; project-owned DefinitionId/StableEntityId. Reviewed TemporaryDirectImport wrapper generated/validated; manual visual comparison pending. 09B audit: A 24-child deterministic container is authored; bottle disposition/presentation and full use flow remain unverified."
"ITEMDEF-014","P1.ITEM.114","Beer bottle","DrinkContainer","P1.ITEM.007","Yes","WOP:21509 BEER_BOTTLE","Reimplemented","09B catalog definition plus mutable stable instance schema; generic action/state/save support exists, donor-specific use flow remains incomplete.","PartiallyImplemented","Partial: items.instances.native.v1 + world.entities pose; row-specific round-trip/stream proof pending","09B","Catalog build exit 0; definition/state validation present; row-specific use/save/stream/manual donor comparison pending","Parent P1.ITEM.007; project-owned DefinitionId/StableEntityId. Project-owned proxy fallback only; no reviewed donor wrapper is generated for this definition. 09B audit: Beer liquid/consume state exists; roster evidence still points to beercase rather than a standalone Beer prefab and exact effects are unresolved."
"ITEMDEF-015","P1.ITEM.115","Booze bottle","DrinkContainer","P1.ITEM.007","Yes","Exported prefab BOOZE_BOTTLE","Reimplemented","09B catalog definition plus mutable stable instance schema; generic action/state/save support exists, donor-specific use flow remains incomplete.","PartiallyImplemented","Partial: items.instances.native.v1 + world.entities pose; row-specific round-trip/stream proof pending","09B","Catalog build exit 0; definition/state validation present; row-specific use/save/stream/manual donor comparison pending","Parent P1.ITEM.007; project-owned DefinitionId/StableEntityId. Project-owned proxy fallback only; no reviewed donor wrapper is generated for this definition. 09B audit: Drink-container state exists; exact booze effects and presentation/use comparison remain unresolved."
"ITEMDEF-016","P1.ITEM.116","Loose sausage","Food","P1.ITEM.008","Yes","GameObject/sausage0.prefab; Mesh/sausage_fresh.asset; Texture2D/sausage_package.png","TemporaryDirectImport;Reimplemented","Physical loose sausage uses the reviewed sanitized donor mesh wrapper, inherits package freshness, consumes individually and progresses raw/cooked/burned by generic heat contact at captured 30/10-second thresholds.","PartiallyImplemented","Partial: items.instances.native.v1 persists individual freshness/timestamp/cooking seconds/consumed state and world.entities persists pose; explicit native round-trip passes","09B","Exact-four dispense, generated presentation validation, ambient/fridge decay, raw/cooked/burned transitions, state-specific effects and native round-trip pass automated tests","Parent P1.ITEM.008; project-owned DefinitionId/StableEntityId. Cube proxy removed. Cooked effects use captured values; burned/spoiled adverse values, state tint fidelity and manual presentation remain provisional."
"ITEMDEF-017","P1.ITEM.117","Sausage and potatoes meal","Food","P1.ITEM.008","Yes","Exported prefab SAUSAGE_POTATOES","Reimplemented","09B catalog definition plus mutable stable instance schema; generic action/state/save support exists, donor-specific use flow remains incomplete.","PartiallyImplemented","Partial: items.instances.native.v1 + world.entities pose; row-specific round-trip/stream proof pending","09B","Catalog build exit 0; definition/state validation present; row-specific use/save/stream/manual donor comparison pending","Parent P1.ITEM.008; project-owned DefinitionId/StableEntityId. Project-owned proxy fallback only; no reviewed donor wrapper is generated for this definition. 09B audit: Captured consume effects are authored; exact donor meal presentation/use comparison remains pending."
"ITEMDEF-018","P1.ITEM.118","Pike","Perishable","P1.ITEM.009","Yes","Exported prefab PIKE","Reimplemented","09B catalog definition plus mutable stable instance schema; generic action/state/save support exists, donor-specific use flow remains incomplete.","PartiallyImplemented","Partial: items.instances.native.v1 + world.entities pose; row-specific round-trip/stream proof pending","09B","Catalog build exit 0; definition/state validation present; row-specific use/save/stream/manual donor comparison pending","Parent P1.ITEM.009; project-owned DefinitionId/StableEntityId. Project-owned proxy fallback only; no reviewed donor wrapper is generated for this definition. 09B audit: Generic state/persistence boundary exists; donor-specific transitions, UI/audio and executed row comparison remain pending."
"ITEMDEF-019","P1.ITEM.119","Moose meat","Perishable","P1.ITEM.009","Yes","Exported prefab MOOSE_MEAT","Reimplemented","09B catalog definition plus mutable stable instance schema; generic action/state/save support exists, donor-specific use flow remains incomplete.","PartiallyImplemented","Partial: items.instances.native.v1 + world.entities pose; row-specific round-trip/stream proof pending","09B","Catalog build exit 0; definition/state validation present; row-specific use/save/stream/manual donor comparison pending","Parent P1.ITEM.009; project-owned DefinitionId/StableEntityId. Project-owned proxy fallback only; no reviewed donor wrapper is generated for this definition. 09B audit: Generic state/persistence boundary exists; donor-specific transitions, UI/audio and executed row comparison remain pending."
"ITEMDEF-020","P1.ITEM.120","Brake fluid","ServiceFluid","P1.ITEM.005","Yes","Shop array; CarProducts anchors","Reimplemented","09B catalog definition plus mutable stable instance schema; generic action/state/save support exists, donor-specific use flow remains incomplete.","PartiallyImplemented","Partial: items.instances.native.v1 + world.entities pose; row-specific round-trip/stream proof pending","09B","Catalog build exit 0; definition/state validation present; row-specific use/save/stream/manual donor comparison pending","Parent P1.ITEM.005; project-owned DefinitionId/StableEntityId. Project-owned proxy fallback only; no reviewed donor wrapper is generated for this definition. 09B audit: Generic state/persistence boundary exists; donor-specific transitions, UI/audio and executed row comparison remain pending."
"ITEMDEF-021","P1.ITEM.121","Coolant","ServiceFluid","P1.ITEM.005","Yes","Shop array; CarProducts anchors","Reimplemented","09B catalog definition plus mutable stable instance schema; generic action/state/save support exists, donor-specific use flow remains incomplete.","PartiallyImplemented","Partial: items.instances.native.v1 + world.entities pose; row-specific round-trip/stream proof pending","09B","Catalog build exit 0; definition/state validation present; row-specific use/save/stream/manual donor comparison pending","Parent P1.ITEM.005; project-owned DefinitionId/StableEntityId. Project-owned proxy fallback only; no reviewed donor wrapper is generated for this definition. 09B audit: Generic state/persistence boundary exists; donor-specific transitions, UI/audio and executed row comparison remain pending."
"ITEMDEF-022","P1.ITEM.122","Motor oil","ServiceFluid","P1.ITEM.005","Yes","Shop array; CarProducts anchors","Reimplemented","09B catalog definition plus mutable stable instance schema; generic action/state/save support exists, donor-specific use flow remains incomplete.","PartiallyImplemented","Partial: items.instances.native.v1 + world.entities pose; row-specific round-trip/stream proof pending","09B","Catalog build exit 0; definition/state validation present; row-specific use/save/stream/manual donor comparison pending","Parent P1.ITEM.005; project-owned DefinitionId/StableEntityId. Project-owned proxy fallback only; no reviewed donor wrapper is generated for this definition. 09B audit: Generic state/persistence boundary exists; donor-specific transitions, UI/audio and executed row comparison remain pending."
"ITEMDEF-023","P1.ITEM.123","Two-stroke oil","ServiceFluid","P1.ITEM.005","Yes","Shop array; CarProducts anchors","Reimplemented","09B catalog definition plus mutable stable instance schema; generic action/state/save support exists, donor-specific use flow remains incomplete.","PartiallyImplemented","Partial: items.instances.native.v1 + world.entities pose; row-specific round-trip/stream proof pending","09B","Catalog build exit 0; definition/state validation present; row-specific use/save/stream/manual donor comparison pending","Parent P1.ITEM.005; project-owned DefinitionId/StableEntityId. Project-owned proxy fallback only; no reviewed donor wrapper is generated for this definition. 09B audit: Generic state/persistence boundary exists; donor-specific transitions, UI/audio and executed row comparison remain pending."
"ITEMDEF-024","P1.ITEM.124","Alternator belt","VehiclePartSupply","P1.ITEM.017","Yes","Shop array; CarProducts anchors","Reimplemented","09B catalog definition plus mutable stable instance schema; generic action/state/save support exists, donor-specific use flow remains incomplete.","PartiallyImplemented","Partial: items.instances.native.v1 + world.entities pose; row-specific round-trip/stream proof pending","09B","Catalog build exit 0; definition/state validation present; row-specific use/save/stream/manual donor comparison pending","Parent P1.ITEM.017; project-owned DefinitionId/StableEntityId. Project-owned proxy fallback only; no reviewed donor wrapper is generated for this definition. 09B audit: Generic state/persistence boundary exists; donor-specific transitions, UI/audio and executed row comparison remain pending."
"ITEMDEF-025","P1.ITEM.125","Oil filter","VehiclePartSupply","P1.ITEM.017","Yes","Shop array; CarProducts anchors","Reimplemented","09B catalog definition plus mutable stable instance schema; generic action/state/save support exists, donor-specific use flow remains incomplete.","PartiallyImplemented","Partial: items.instances.native.v1 + world.entities pose; row-specific round-trip/stream proof pending","09B","Catalog build exit 0; definition/state validation present; row-specific use/save/stream/manual donor comparison pending","Parent P1.ITEM.017; project-owned DefinitionId/StableEntityId. Project-owned proxy fallback only; no reviewed donor wrapper is generated for this definition. 09B audit: Generic state/persistence boundary exists; donor-specific transitions, UI/audio and executed row comparison remain pending."
"ITEMDEF-026","P1.ITEM.126","Sparkplug box","VehiclePartSupply","P1.ITEM.011","Yes","Shop array; CarProducts anchors","Reimplemented","09B catalog definition plus mutable stable instance schema; generic action/state/save support exists, donor-specific use flow remains incomplete.","PartiallyImplemented","Partial: items.instances.native.v1 + world.entities pose; row-specific round-trip/stream proof pending","09B","Catalog build exit 0; definition/state validation present; row-specific use/save/stream/manual donor comparison pending","Parent P1.ITEM.011; project-owned DefinitionId/StableEntityId. Project-owned proxy fallback only; no reviewed donor wrapper is generated for this definition. 09B audit: Generic state/persistence boundary exists; donor-specific transitions, UI/audio and executed row comparison remain pending."
"ITEMDEF-027","P1.ITEM.127","Lightbulb box","VehiclePartSupply","P1.ITEM.011","Yes","Shop array; CarProducts anchors","Reimplemented","09B catalog definition plus mutable stable instance schema; generic action/state/save support exists, donor-specific use flow remains incomplete.","PartiallyImplemented","Partial: items.instances.native.v1 + world.entities pose; row-specific round-trip/stream proof pending","09B","Catalog build exit 0; definition/state validation present; row-specific use/save/stream/manual donor comparison pending","Parent P1.ITEM.011; project-owned DefinitionId/StableEntityId. Project-owned proxy fallback only; no reviewed donor wrapper is generated for this definition. 09B audit: Generic state/persistence boundary exists; donor-specific transitions, UI/audio and executed row comparison remain pending."
"ITEMDEF-028","P1.ITEM.128","Fuse package","VehiclePartSupply","P1.ITEM.011","Yes","Shop array; CarProducts anchors","Reimplemented","09B catalog definition plus mutable stable instance schema; generic action/state/save support exists, donor-specific use flow remains incomplete.","PartiallyImplemented","Partial: items.instances.native.v1 + world.entities pose; row-specific round-trip/stream proof pending","09B","Catalog build exit 0; definition/state validation present; row-specific use/save/stream/manual donor comparison pending","Parent P1.ITEM.011; project-owned DefinitionId/StableEntityId. Project-owned proxy fallback only; no reviewed donor wrapper is generated for this definition. 09B audit: Generic state/persistence boundary exists; donor-specific transitions, UI/audio and executed row comparison remain pending."
"ITEMDEF-029","P1.ITEM.129","R20 battery","Battery","P1.ITEM.011","Yes","Shop array; CarProducts anchors","Reimplemented","09B catalog definition plus mutable stable instance schema; generic action/state/save support exists, donor-specific use flow remains incomplete.","PartiallyImplemented","Partial: items.instances.native.v1 + world.entities pose; row-specific round-trip/stream proof pending","09B","Catalog build exit 0; definition/state validation present; row-specific use/save/stream/manual donor comparison pending","Parent P1.ITEM.011; project-owned DefinitionId/StableEntityId. Project-owned proxy fallback only; no reviewed donor wrapper is generated for this definition. 09B audit: Generic state/persistence boundary exists; donor-specific transitions, UI/audio and executed row comparison remain pending."
"ITEMDEF-030","P1.ITEM.130","Car battery","Battery","P1.ITEM.011","Yes","Shop array; CarProducts anchors","Reimplemented","09B catalog definition plus mutable stable instance schema; generic action/state/save support exists, donor-specific use flow remains incomplete.","PartiallyImplemented","Partial: items.instances.native.v1 + world.entities pose; row-specific round-trip/stream proof pending","09B","Catalog build exit 0; definition/state validation present; row-specific use/save/stream/manual donor comparison pending","Parent P1.ITEM.011; project-owned DefinitionId/StableEntityId. Project-owned proxy fallback only; no reviewed donor wrapper is generated for this definition. 09B audit: Generic state/persistence boundary exists; donor-specific transitions, UI/audio and executed row comparison remain pending."
"ITEMDEF-031","P1.ITEM.131","Fire extinguisher","SafetySupply","P1.ITEM.012","Yes","Shop array; CarProducts anchors","Reimplemented","09B catalog definition plus mutable stable instance schema; generic action/state/save support exists, donor-specific use flow remains incomplete.","PartiallyImplemented","Partial: items.instances.native.v1 + world.entities pose; row-specific round-trip/stream proof pending","09B","Catalog build exit 0; definition/state validation present; row-specific use/save/stream/manual donor comparison pending","Parent P1.ITEM.012; project-owned DefinitionId/StableEntityId. Project-owned proxy fallback only; no reviewed donor wrapper is generated for this definition. 09B audit: Generic state/persistence boundary exists; donor-specific transitions, UI/audio and executed row comparison remain pending."
"ITEMDEF-032","P1.ITEM.132","Spray paint variants","ServiceSupply","P1.ITEM.017","Yes","GAME shop paint variants","Reimplemented","09B catalog definition plus mutable stable instance schema; generic action/state/save support exists, donor-specific use flow remains incomplete.","PartiallyImplemented","Partial: items.instances.native.v1 + world.entities pose; row-specific round-trip/stream proof pending","09B","Catalog build exit 0; definition/state validation present; row-specific use/save/stream/manual donor comparison pending","Parent P1.ITEM.017; project-owned DefinitionId/StableEntityId. Project-owned proxy fallback only; no reviewed donor wrapper is generated for this definition. 09B audit: Generic state/persistence boundary exists; donor-specific transitions, UI/audio and executed row comparison remain pending."
"ITEMDEF-033","P1.ITEM.133","Gasoline can","ToolContainer","P1.ITEM.004","Yes","WOP:8644 GASOLINE_CAN","Reimplemented","09B catalog definition plus mutable stable instance schema; generic action/state/save support exists, donor-specific use flow remains incomplete.","PartiallyImplemented","Partial: items.instances.native.v1 + world.entities pose; row-specific round-trip/stream proof pending","09B","Catalog build exit 0; definition/state validation present; row-specific use/save/stream/manual donor comparison pending","Parent P1.ITEM.004; project-owned DefinitionId/StableEntityId. Reviewed TemporaryDirectImport wrapper generated/validated; manual visual comparison pending. 09B audit: Generic state/persistence boundary exists; donor-specific transitions, UI/audio and executed row comparison remain pending."
"ITEMDEF-034","P1.ITEM.134","Diesel can","ToolContainer","P1.ITEM.004","Yes","WOP:13272 DIESEL_CAN","Reimplemented","09B catalog definition plus mutable stable instance schema; generic action/state/save support exists, donor-specific use flow remains incomplete.","PartiallyImplemented","Partial: items.instances.native.v1 + world.entities pose; row-specific round-trip/stream proof pending","09B","Catalog build exit 0; definition/state validation present; row-specific use/save/stream/manual donor comparison pending","Parent P1.ITEM.004; project-owned DefinitionId/StableEntityId. Reviewed TemporaryDirectImport wrapper generated/validated; manual visual comparison pending. 09B audit: Generic state/persistence boundary exists; donor-specific transitions, UI/audio and executed row comparison remain pending."
"ITEMDEF-035","P1.ITEM.135","Axe","Tool","P1.ITEM.003","Yes","WOP:3472 AXE","Reimplemented","09B catalog definition plus mutable stable instance schema; generic action/state/save support exists, donor-specific use flow remains incomplete.","PartiallyImplemented","Partial: items.instances.native.v1 + world.entities pose; row-specific round-trip/stream proof pending","09B","Catalog build exit 0; definition/state validation present; row-specific use/save/stream/manual donor comparison pending","Parent P1.ITEM.003; project-owned DefinitionId/StableEntityId. Reviewed TemporaryDirectImport wrapper generated/validated; manual visual comparison pending. 09B audit: Generic state/persistence boundary exists; donor-specific transitions, UI/audio and executed row comparison remain pending."
"ITEMDEF-036","P1.ITEM.136","Digging bar","Tool","P1.ITEM.003","Yes","WOP:23704 DIGGING_BAR","Reimplemented","09B catalog definition plus mutable stable instance schema; generic action/state/save support exists, donor-specific use flow remains incomplete.","PartiallyImplemented","Partial: items.instances.native.v1 + world.entities pose; row-specific round-trip/stream proof pending","09B","Catalog build exit 0; definition/state validation present; row-specific use/save/stream/manual donor comparison pending","Parent P1.ITEM.003; project-owned DefinitionId/StableEntityId. Reviewed TemporaryDirectImport wrapper generated/validated; manual visual comparison pending. 09B audit: Generic state/persistence boundary exists; donor-specific transitions, UI/audio and executed row comparison remain pending."
"ITEMDEF-037","P1.ITEM.137","Sledgehammer","Tool","P1.ITEM.003","Yes","WOP:32029 SLEDGEHAMMER","Reimplemented","09B catalog definition plus mutable stable instance schema; generic action/state/save support exists, donor-specific use flow remains incomplete.","PartiallyImplemented","Partial: items.instances.native.v1 + world.entities pose; row-specific round-trip/stream proof pending","09B","Catalog build exit 0; definition/state validation present; row-specific use/save/stream/manual donor comparison pending","Parent P1.ITEM.003; project-owned DefinitionId/StableEntityId. Reviewed TemporaryDirectImport wrapper generated/validated; manual visual comparison pending. 09B audit: Generic state/persistence boundary exists; donor-specific transitions, UI/audio and executed row comparison remain pending."
"ITEMDEF-038","P1.ITEM.138","Spanner set","Tool","P1.ITEM.001","Yes","WOP:33457 SPANNER_SET","Reimplemented","09B catalog definition plus mutable stable instance schema; generic action/state/save support exists, donor-specific use flow remains incomplete.","PartiallyImplemented","Partial: items.instances.native.v1 + world.entities pose; row-specific round-trip/stream proof pending","09B","Catalog build exit 0; definition/state validation present; row-specific use/save/stream/manual donor comparison pending","Parent P1.ITEM.001; project-owned DefinitionId/StableEntityId. Reviewed TemporaryDirectImport wrapper generated/validated; manual visual comparison pending. 09B audit: Generic state/persistence boundary exists; donor-specific transitions, UI/audio and executed row comparison remain pending."
"ITEMDEF-039","P1.ITEM.139","Wiring mess","Tool","P1.ITEM.001","Yes","WOP:29102 WIRING_MESS","Reimplemented","09B catalog definition plus mutable stable instance schema; generic action/state/save support exists, donor-specific use flow remains incomplete.","PartiallyImplemented","Partial: items.instances.native.v1 + world.entities pose; row-specific round-trip/stream proof pending","09B","Catalog build exit 0; definition/state validation present; row-specific use/save/stream/manual donor comparison pending","Parent P1.ITEM.001; project-owned DefinitionId/StableEntityId. Reviewed TemporaryDirectImport wrapper generated/validated; manual visual comparison pending. 09B audit: Generic state/persistence boundary exists; donor-specific transitions, UI/audio and executed row comparison remain pending."
"ITEMDEF-040","P1.ITEM.140","Car jack","Tool","P1.ITEM.002","Yes","WOP:71 CAR_JACK","Reimplemented","09B catalog definition plus mutable stable instance schema; generic action/state/save support exists, donor-specific use flow remains incomplete.","PartiallyImplemented","Partial: items.instances.native.v1 + world.entities pose; row-specific round-trip/stream proof pending","09B","Catalog build exit 0; definition/state validation present; row-specific use/save/stream/manual donor comparison pending","Parent P1.ITEM.002; project-owned DefinitionId/StableEntityId. Reviewed TemporaryDirectImport wrapper generated/validated; manual visual comparison pending. 09B audit: Generic state/persistence boundary exists; donor-specific transitions, UI/audio and executed row comparison remain pending."
"ITEMDEF-041","P1.ITEM.141","Floor jack","Tool","P1.ITEM.002","Yes","WOP:33712 FLOOR_JACK","Reimplemented","09B catalog definition plus mutable stable instance schema; generic action/state/save support exists, donor-specific use flow remains incomplete.","PartiallyImplemented","Partial: items.instances.native.v1 + world.entities pose; row-specific round-trip/stream proof pending","09B","Catalog build exit 0; definition/state validation present; row-specific use/save/stream/manual donor comparison pending","Parent P1.ITEM.002; project-owned DefinitionId/StableEntityId. Reviewed TemporaryDirectImport wrapper generated/validated; manual visual comparison pending. 09B audit: Generic state/persistence boundary exists; donor-specific transitions, UI/audio and executed row comparison remain pending."
"ITEMDEF-042","P1.ITEM.142","Motor hoist","Tool","P1.ITEM.002","Yes","WOP:11154 MOTOR_HOIST","Reimplemented","09B catalog definition plus mutable stable instance schema; generic action/state/save support exists, donor-specific use flow remains incomplete.","PartiallyImplemented","Partial: items.instances.native.v1 + world.entities pose; row-specific round-trip/stream proof pending","09B","Catalog build exit 0; definition/state validation present; row-specific use/save/stream/manual donor comparison pending","Parent P1.ITEM.002; project-owned DefinitionId/StableEntityId. Reviewed TemporaryDirectImport wrapper generated/validated; manual visual comparison pending. 09B audit: Generic state/persistence boundary exists; donor-specific transitions, UI/audio and executed row comparison remain pending."
"ITEMDEF-043","P1.ITEM.143","Kilju bucket","Container","P1.ITEM.010","Yes","WOP:20811 KILJU_BUCKET","Reimplemented","Bucket body remains pickup/liquid authority; a separate project-owned F lid target drives the saved open state and state-owned contents presentation.","PartiallyImplemented","items.instances.native.v1 persists liquid/open state and world.entities persists pose; focused state round-trip passed","09B","Catalog and sanitized presentation validation passed; independent lid and empty-content tests passed; manual collision/audio acceptance pending","Parent P1.ITEM.010; project-owned DefinitionId/StableEntityId. Reviewed TemporaryDirectImport wrapper generated/validated. Body F no longer toggles; lid F does. Empty blue water/sugar/yeast helper meshes are state-hidden."
"ITEMDEF-044","P1.ITEM.144","Kilju lid","ContainerPart","P1.ITEM.010","Yes","WOP:35972 KILJU_LID","Reimplemented","Canonical lid identity and presentation are retained while the bucket hinge adopts the presentation for user-requested open/close behavior.","PartiallyImplemented","items.instances.native.v1 and world.entities keep the independent lid record; bucket isOpen drives adopted presentation","09B","Sanitized presentation validator and independent lid tests passed; manual hinge/collision/audio acceptance pending","Parent P1.ITEM.010; project-owned DefinitionId/StableEntityId. Canonical stable entity 216a0dc4d7da58e5ae2fe6d1784ff54c is not replaced. Hinge/travel are explicitly Reimplemented because donor lid is a separate loose item."
"ITEMDEF-045","P1.ITEM.145","Sauna bucket","Container","P1.ITEM.006","Yes","WOP:11173 SAUNA_BUCKET","Reimplemented","09B catalog definition plus mutable stable instance schema; generic action/state/save support exists, donor-specific use flow remains incomplete.","PartiallyImplemented","Partial: items.instances.native.v1 + world.entities pose; row-specific round-trip/stream proof pending","09B","Catalog build exit 0; definition/state validation present; row-specific use/save/stream/manual donor comparison pending","Parent P1.ITEM.006; project-owned DefinitionId/StableEntityId. Reviewed TemporaryDirectImport wrapper generated/validated; manual visual comparison pending. 09B audit: Generic state/persistence boundary exists; donor-specific transitions, UI/audio and executed row comparison remain pending."
"ITEMDEF-046","P1.ITEM.146","Sauna dipper","Container","P1.ITEM.006","Yes","WOP:9387 SAUNA_DIPPER","Reimplemented","09B catalog definition plus mutable stable instance schema; generic action/state/save support exists, donor-specific use flow remains incomplete.","PartiallyImplemented","Partial: items.instances.native.v1 + world.entities pose; row-specific round-trip/stream proof pending","09B","Catalog build exit 0; definition/state validation present; row-specific use/save/stream/manual donor comparison pending","Parent P1.ITEM.006; project-owned DefinitionId/StableEntityId. Reviewed TemporaryDirectImport wrapper generated/validated; manual visual comparison pending. 09B audit: Generic state/persistence boundary exists; donor-specific transitions, UI/audio and executed row comparison remain pending."
"ITEMDEF-047","P1.ITEM.147","Wood carrier","CargoContainer","P1.ITEM.013","Yes","WOP:7095 WOOD_CARRIER","Reimplemented","09B catalog definition plus mutable stable instance schema; generic action/state/save support exists, donor-specific use flow remains incomplete.","PartiallyImplemented","Partial: items.instances.native.v1 + world.entities pose; row-specific round-trip/stream proof pending","09B","Catalog build exit 0; definition/state validation present; row-specific use/save/stream/manual donor comparison pending","Parent P1.ITEM.013; project-owned DefinitionId/StableEntityId. Reviewed TemporaryDirectImport wrapper generated/validated; manual visual comparison pending. 09B audit: Generic state/persistence boundary exists; donor-specific transitions, UI/audio and executed row comparison remain pending."
"ITEMDEF-048","P1.ITEM.148","Garbage barrel","Container","P1.ITEM.018","Yes","WOP:7186 GARBAGE_BARREL","Reimplemented","09B catalog definition plus mutable stable instance schema; generic action/state/save support exists, donor-specific use flow remains incomplete.","PartiallyImplemented","Partial: items.instances.native.v1 + world.entities pose; row-specific round-trip/stream proof pending","09B","Catalog build exit 0; definition/state validation present; row-specific use/save/stream/manual donor comparison pending","Parent P1.ITEM.018; project-owned DefinitionId/StableEntityId. Reviewed TemporaryDirectImport wrapper generated/validated; manual visual comparison pending. 09B audit: Generic state/persistence boundary exists; donor-specific transitions, UI/audio and executed row comparison remain pending."
"ITEMDEF-049","P1.ITEM.149","Portable grill","Device","P1.ITEM.014","Yes","WOP:8021 PORTABLE_GRILL","Reimplemented","Data-driven charcoal receiver, ignition, visible flame, ember heat and independent cover feed the generic cooking simulation without grill-name branching.","PartiallyImplemented","items.instances.native.v1 persists fuel/enabled/open/wet/burn-time state and world.entities persists pose; focused state round-trip passed","09B","Catalog, physical pour, ignition, flame/ember, cover, fire presentation and generic cooking tests pass automated validation","Parent P1.ITEM.014; project-owned DefinitionId/StableEntityId. Donor values transferred: capacity 100, ignite >10, 120 s at 0.1/s, embers 0.04/s, off <=5. Exact cover pivot retained; global rain wet binding, dedicated pour Wwise and rendered acceptance remain pending."
"ITEMDEF-050","P1.ITEM.150","Coffee pan","Container","P1.ITEM.007","Yes","WOP:12113 COFFEE_PAN","Reimplemented","09B catalog definition plus mutable stable instance schema; generic action/state/save support exists, donor-specific use flow remains incomplete.","PartiallyImplemented","Partial: items.instances.native.v1 + world.entities pose; row-specific round-trip/stream proof pending","09B","Catalog build exit 0; definition/state validation present; row-specific use/save/stream/manual donor comparison pending","Parent P1.ITEM.007; project-owned DefinitionId/StableEntityId. Reviewed TemporaryDirectImport wrapper generated/validated; manual visual comparison pending. 09B audit: Generic state/persistence boundary exists; donor-specific transitions, UI/audio and executed row comparison remain pending."
"ITEMDEF-051","P1.ITEM.151","Coffee cup","Container","P1.ITEM.007","Yes","WOP:23943 COFFEE_CUP","Reimplemented","09B catalog definition plus mutable stable instance schema; generic action/state/save support exists, donor-specific use flow remains incomplete.","PartiallyImplemented","Partial: items.instances.native.v1 + world.entities pose; row-specific round-trip/stream proof pending","09B","Catalog build exit 0; definition/state validation present; row-specific use/save/stream/manual donor comparison pending","Parent P1.ITEM.007; project-owned DefinitionId/StableEntityId. Reviewed TemporaryDirectImport wrapper generated/validated; manual visual comparison pending. 09B audit: Generic state/persistence boundary exists; donor-specific transitions, UI/audio and executed row comparison remain pending."
"ITEMDEF-052","P1.ITEM.152","Fish trap","ToolContainer","P1.ITEM.009","Yes","WOP:20483 FISH_TRAP","Reimplemented","09B catalog definition plus mutable stable instance schema; generic action/state/save support exists, donor-specific use flow remains incomplete.","PartiallyImplemented","Partial: items.instances.native.v1 + world.entities pose; row-specific round-trip/stream proof pending","09B","Catalog build exit 0; definition/state validation present; row-specific use/save/stream/manual donor comparison pending","Parent P1.ITEM.009; project-owned DefinitionId/StableEntityId. Reviewed TemporaryDirectImport wrapper generated/validated; manual visual comparison pending. 09B audit: Generic state/persistence boundary exists; donor-specific transitions, UI/audio and executed row comparison remain pending."
"ITEMDEF-053","P1.ITEM.153","Flashlight","PortableDevice","P1.ITEM.014","Yes","WOP:33221 FLASHLIGHT","Reimplemented","09B catalog definition plus mutable stable instance schema; generic action/state/save support exists, donor-specific use flow remains incomplete.","PartiallyImplemented","Partial: items.instances.native.v1 + world.entities pose; row-specific round-trip/stream proof pending","09B","Catalog build exit 0; definition/state validation present; row-specific use/save/stream/manual donor comparison pending","Parent P1.ITEM.014; project-owned DefinitionId/StableEntityId. Reviewed TemporaryDirectImport wrapper generated/validated; manual visual comparison pending. 09B audit: Generic state/persistence boundary exists; donor-specific transitions, UI/audio and executed row comparison remain pending."
"ITEMDEF-054","P1.ITEM.154","Lantern","PortableDevice","P1.ITEM.014","Yes","WOP:5326 LANTERN","Reimplemented","09B catalog definition plus mutable stable instance schema; generic action/state/save support exists, donor-specific use flow remains incomplete.","PartiallyImplemented","Partial: items.instances.native.v1 + world.entities pose; row-specific round-trip/stream proof pending","09B","Catalog build exit 0; definition/state validation present; row-specific use/save/stream/manual donor comparison pending","Parent P1.ITEM.014; project-owned DefinitionId/StableEntityId. Reviewed TemporaryDirectImport wrapper generated/validated; manual visual comparison pending. 09B audit: Generic state/persistence boundary exists; donor-specific transitions, UI/audio and executed row comparison remain pending."
"ITEMDEF-055","P1.ITEM.155","Helmet","WearableSafety","P1.ITEM.012","Yes","WOP:31962 HELMET","Reimplemented","09B catalog definition plus mutable stable instance schema; generic action/state/save support exists, donor-specific use flow remains incomplete.","PartiallyImplemented","Partial: items.instances.native.v1 + world.entities pose; row-specific round-trip/stream proof pending","09B","Catalog build exit 0; definition/state validation present; row-specific use/save/stream/manual donor comparison pending","Parent P1.ITEM.012; project-owned DefinitionId/StableEntityId. Reviewed TemporaryDirectImport wrapper generated/validated; manual visual comparison pending. 09B audit: Generic state/persistence boundary exists; donor-specific transitions, UI/audio and executed row comparison remain pending."
"ITEMDEF-056","P1.ITEM.156","Radar detector","PortableDevice","P1.ITEM.014","Yes","WOP:10329 RADAR_DETECTOR","Reimplemented","09B catalog definition plus mutable stable instance schema; generic action/state/save support exists, donor-specific use flow remains incomplete.","PartiallyImplemented","Partial: items.instances.native.v1 + world.entities pose; row-specific round-trip/stream proof pending","09B","Catalog build exit 0; definition/state validation present; row-specific use/save/stream/manual donor comparison pending","Parent P1.ITEM.014; project-owned DefinitionId/StableEntityId. Reviewed TemporaryDirectImport wrapper generated/validated; manual visual comparison pending. 09B audit: Generic state/persistence boundary exists; donor-specific transitions, UI/audio and executed row comparison remain pending."
"ITEMDEF-057","P1.ITEM.157","Portable radio","PortableDevice","P1.ITEM.014","Yes","WOP:34307 PORTABLE_RADIO","Reimplemented","09B catalog definition plus mutable stable instance schema; generic action/state/save support exists, donor-specific use flow remains incomplete.","PartiallyImplemented","Partial: items.instances.native.v1 + world.entities pose; row-specific round-trip/stream proof pending","09B","Catalog build exit 0; definition/state validation present; row-specific use/save/stream/manual donor comparison pending","Parent P1.ITEM.014; project-owned DefinitionId/StableEntityId. Reviewed TemporaryDirectImport wrapper generated/validated; manual visual comparison pending. 09B audit: Generic state/persistence boundary exists; donor-specific transitions, UI/audio and executed row comparison remain pending."
"ITEMDEF-058","P1.ITEM.158","Camera","PortableDevice","P1.ITEM.014","Yes","WOP:11211 CAMERA","Reimplemented","09B catalog definition plus mutable stable instance schema; generic action/state/save support exists, donor-specific use flow remains incomplete.","PartiallyImplemented","Partial: items.instances.native.v1 + world.entities pose; row-specific round-trip/stream proof pending","09B","Catalog build exit 0; definition/state validation present; row-specific use/save/stream/manual donor comparison pending","Parent P1.ITEM.014; project-owned DefinitionId/StableEntityId. Reviewed TemporaryDirectImport wrapper generated/validated; manual visual comparison pending. 09B audit: Generic state/persistence boundary exists; donor-specific transitions, UI/audio and executed row comparison remain pending."
"ITEMDEF-059","P1.ITEM.159","Floppy disk","PhysicalMedia","P1.ITEM.015","Yes","WOP:23686 FLOPPY_DISK","Reimplemented","09B catalog definition plus mutable stable instance schema; generic action/state/save support exists, donor-specific use flow remains incomplete.","PartiallyImplemented","Partial: items.instances.native.v1 + world.entities pose; row-specific round-trip/stream proof pending","09B","Catalog build exit 0; definition/state validation present; row-specific use/save/stream/manual donor comparison pending","Parent P1.ITEM.015; project-owned DefinitionId/StableEntityId. Reviewed TemporaryDirectImport wrapper generated/validated; manual visual comparison pending. 09B audit: Generic state/persistence boundary exists; donor-specific transitions, UI/audio and executed row comparison remain pending."
"ITEMDEF-060","P1.ITEM.160","CD set","PhysicalMedia","P1.ITEM.015","Yes","WOP:20753 CD_SET","Reimplemented","09B catalog definition plus mutable stable instance schema; generic action/state/save support exists, donor-specific use flow remains incomplete.","PartiallyImplemented","Partial: items.instances.native.v1 + world.entities pose; row-specific round-trip/stream proof pending","09B","Catalog build exit 0; definition/state validation present; row-specific use/save/stream/manual donor comparison pending","Parent P1.ITEM.015; project-owned DefinitionId/StableEntityId. Project-owned proxy fallback only; no reviewed donor wrapper is generated for this definition. 09B audit: Generic state/persistence boundary exists; donor-specific transitions, UI/audio and executed row comparison remain pending."
"ITEMDEF-061","P1.ITEM.161","Notepad","Readable","P1.ITEM.015","Yes","WOP:35441 NOTEPAD","Reimplemented","09B catalog definition plus mutable stable instance schema; generic action/state/save support exists, donor-specific use flow remains incomplete.","PartiallyImplemented","Partial: items.instances.native.v1 + world.entities pose; row-specific round-trip/stream proof pending","09B","Catalog build exit 0; definition/state validation present; row-specific use/save/stream/manual donor comparison pending","Parent P1.ITEM.015; project-owned DefinitionId/StableEntityId. Reviewed TemporaryDirectImport wrapper generated/validated; manual visual comparison pending. 09B audit: Generic state/persistence boundary exists; donor-specific transitions, UI/audio and executed row comparison remain pending."
"ITEMDEF-062","P1.ITEM.162","Parts magazine","Readable","P1.ITEM.015","Yes","WOP:19692 PARTS_MAGAZINE","Reimplemented","09B catalog definition plus mutable stable instance schema; generic action/state/save support exists, donor-specific use flow remains incomplete.","PartiallyImplemented","Partial: items.instances.native.v1 + world.entities pose; row-specific round-trip/stream proof pending","09B","Catalog build exit 0; definition/state validation present; row-specific use/save/stream/manual donor comparison pending","Parent P1.ITEM.015; project-owned DefinitionId/StableEntityId. Reviewed TemporaryDirectImport wrapper generated/validated; manual visual comparison pending. 09B audit: Generic state/persistence boundary exists; donor-specific transitions, UI/audio and executed row comparison remain pending."
"ITEMDEF-063","P1.ITEM.163","TV remote","PortableDevice","P1.ITEM.014","Yes","WOP:12839 TV_REMOTE","Reimplemented","09B catalog definition plus mutable stable instance schema; generic action/state/save support exists, donor-specific use flow remains incomplete.","PartiallyImplemented","Partial: items.instances.native.v1 + world.entities pose; row-specific round-trip/stream proof pending","09B","Catalog build exit 0; definition/state validation present; row-specific use/save/stream/manual donor comparison pending","Parent P1.ITEM.014; project-owned DefinitionId/StableEntityId. Reviewed TemporaryDirectImport wrapper generated/validated; manual visual comparison pending. 09B audit: Generic state/persistence boundary exists; donor-specific transitions, UI/audio and executed row comparison remain pending."
"ITEMDEF-064","P1.ITEM.164","Audio CD 01","PhysicalMedia","P1.ITEM.015","Yes","WOP AUDIO_CD.01","Reimplemented","09B catalog definition plus mutable stable instance schema; generic action/state/save support exists, donor-specific use flow remains incomplete.","PartiallyImplemented","Partial: items.instances.native.v1 + world.entities pose; row-specific round-trip/stream proof pending","09B","Catalog build exit 0; definition/state validation present; row-specific use/save/stream/manual donor comparison pending","Parent P1.ITEM.015; project-owned DefinitionId/StableEntityId. Reviewed TemporaryDirectImport wrapper generated/validated; manual visual comparison pending. 09B audit: Generic state/persistence boundary exists; donor-specific transitions, UI/audio and executed row comparison remain pending."
"ITEMDEF-065","P1.ITEM.165","Audio CD 02","PhysicalMedia","P1.ITEM.015","Yes","WOP AUDIO_CD.02","Reimplemented","09B catalog definition plus mutable stable instance schema; generic action/state/save support exists, donor-specific use flow remains incomplete.","PartiallyImplemented","Partial: items.instances.native.v1 + world.entities pose; row-specific round-trip/stream proof pending","09B","Catalog build exit 0; definition/state validation present; row-specific use/save/stream/manual donor comparison pending","Parent P1.ITEM.015; project-owned DefinitionId/StableEntityId. Reviewed TemporaryDirectImport wrapper generated/validated; manual visual comparison pending. 09B audit: Generic state/persistence boundary exists; donor-specific transitions, UI/audio and executed row comparison remain pending."
"ITEMDEF-066","P1.ITEM.166","Audio CD 03","PhysicalMedia","P1.ITEM.015","Yes","WOP AUDIO_CD.03","Reimplemented","09B catalog definition plus mutable stable instance schema; generic action/state/save support exists, donor-specific use flow remains incomplete.","PartiallyImplemented","Partial: items.instances.native.v1 + world.entities pose; row-specific round-trip/stream proof pending","09B","Catalog build exit 0; definition/state validation present; row-specific use/save/stream/manual donor comparison pending","Parent P1.ITEM.015; project-owned DefinitionId/StableEntityId. Reviewed TemporaryDirectImport wrapper generated/validated; manual visual comparison pending. 09B audit: Physical media state exists; case/player membership and playback are downstream."
"ITEMDEF-067","P1.ITEM.167","Audio CD case 01","PhysicalMediaContainer","P1.ITEM.015","Yes","WOP CD case 01","Reimplemented","09B catalog definition plus mutable stable instance schema; generic action/state/save support exists, donor-specific use flow remains incomplete.","PartiallyImplemented","Partial: items.instances.native.v1 + world.entities pose; row-specific round-trip/stream proof pending","09B","Catalog build exit 0; definition/state validation present; row-specific use/save/stream/manual donor comparison pending","Parent P1.ITEM.015; project-owned DefinitionId/StableEntityId. Reviewed TemporaryDirectImport wrapper generated/validated; manual visual comparison pending. 09B audit: Open container state exists; CD membership and player flow are incomplete."
"ITEMDEF-068","P1.ITEM.168","Audio CD case 02","PhysicalMediaContainer","P1.ITEM.015","Yes","WOP CD case 02","Reimplemented","09B catalog definition plus mutable stable instance schema; generic action/state/save support exists, donor-specific use flow remains incomplete.","PartiallyImplemented","Partial: items.instances.native.v1 + world.entities pose; row-specific round-trip/stream proof pending","09B","Catalog build exit 0; definition/state validation present; row-specific use/save/stream/manual donor comparison pending","Parent P1.ITEM.015; project-owned DefinitionId/StableEntityId. Reviewed TemporaryDirectImport wrapper generated/validated; manual visual comparison pending. 09B audit: Open container state exists; CD membership and player flow are incomplete."
"ITEMDEF-069","P1.ITEM.169","Audio CD case 03","PhysicalMediaContainer","P1.ITEM.015","Yes","WOP CD case 03","Reimplemented","09B catalog definition plus mutable stable instance schema; generic action/state/save support exists, donor-specific use flow remains incomplete.","PartiallyImplemented","Partial: items.instances.native.v1 + world.entities pose; row-specific round-trip/stream proof pending","09B","Catalog build exit 0; definition/state validation present; row-specific use/save/stream/manual donor comparison pending","Parent P1.ITEM.015; project-owned DefinitionId/StableEntityId. Reviewed TemporaryDirectImport wrapper generated/validated; manual visual comparison pending. 09B audit: Open container state exists; CD membership and player flow are incomplete."
"ITEMDEF-070","P1.ITEM.170","Sofa","MovableCargo","P1.ITEM.016","Yes","WOP:15559 SOFA","Reimplemented","09B catalog definition plus mutable stable instance schema; generic action/state/save support exists, donor-specific use flow remains incomplete.","PartiallyImplemented","Partial: items.instances.native.v1 + world.entities pose; row-specific round-trip/stream proof pending","09B","Catalog build exit 0; definition/state validation present; row-specific use/save/stream/manual donor comparison pending","Parent P1.ITEM.016; project-owned DefinitionId/StableEntityId. Reviewed TemporaryDirectImport wrapper generated/validated; manual visual comparison pending. 09B audit: Physical cargo state exists; sofa sleep behavior belongs to 09C and remains absent."
"ITEMDEF-071","P1.ITEM.171","Basketball","SportsItem","P1.ITEM.016","Yes","WOP:16522 BASKETBALL","Reimplemented","09B catalog definition plus mutable stable instance schema; generic action/state/save support exists, donor-specific use flow remains incomplete.","PartiallyImplemented","Partial: items.instances.native.v1 + world.entities pose; row-specific round-trip/stream proof pending","09B","Catalog build exit 0; definition/state validation present; row-specific use/save/stream/manual donor comparison pending","Parent P1.ITEM.016; project-owned DefinitionId/StableEntityId. Reviewed TemporaryDirectImport wrapper generated/validated; manual visual comparison pending. 09B audit: Generic state/persistence boundary exists; donor-specific transitions, UI/audio and executed row comparison remain pending."
"ITEMDEF-072","P1.ITEM.172","Football","SportsItem","P1.ITEM.016","Yes","WOP:10009 FOOTBALL","Reimplemented","09B catalog definition plus mutable stable instance schema; generic action/state/save support exists, donor-specific use flow remains incomplete.","PartiallyImplemented","Partial: items.instances.native.v1 + world.entities pose; row-specific round-trip/stream proof pending","09B","Catalog build exit 0; definition/state validation present; row-specific use/save/stream/manual donor comparison pending","Parent P1.ITEM.016; project-owned DefinitionId/StableEntityId. Reviewed TemporaryDirectImport wrapper generated/validated; manual visual comparison pending. 09B audit: Generic state/persistence boundary exists; donor-specific transitions, UI/audio and executed row comparison remain pending."
"ITEMDEF-073","P1.ITEM.173","Firewood definition","Cargo","P1.ITEM.013","Yes","Exported prefab FIREWOOD","Reimplemented","09B catalog definition plus mutable stable instance schema; generic action/state/save support exists, donor-specific use flow remains incomplete.","PartiallyImplemented","Partial: items.instances.native.v1 + world.entities pose; row-specific round-trip/stream proof pending","09B","Catalog build exit 0; definition/state validation present; row-specific use/save/stream/manual donor comparison pending","Parent P1.ITEM.013; project-owned DefinitionId/StableEntityId. Project-owned proxy fallback only; no reviewed donor wrapper is generated for this definition. 09B audit: Generic state/persistence boundary exists; donor-specific transitions, UI/audio and executed row comparison remain pending."
"ITEMDEF-074","P1.ITEM.174","Shopping bag","Container","P1.ITEM.018","Yes","Exported prefab SHOPPING_BAG","Reimplemented","09B catalog definition plus mutable stable instance schema; generic action/state/save support exists, donor-specific use flow remains incomplete.","PartiallyImplemented","Partial: items.instances.native.v1 + world.entities pose; row-specific round-trip/stream proof pending","09B","Catalog build exit 0; definition/state validation present; row-specific use/save/stream/manual donor comparison pending","Parent P1.ITEM.018; project-owned DefinitionId/StableEntityId. Project-owned proxy fallback only; no reviewed donor wrapper is generated for this definition. 09B audit: Open container state exists; shopping contents/acquisition flow is incomplete."
"ITEMDEF-075","P1.ITEM.175","Berry box","Container","P1.ITEM.018","Yes","Exported prefab BERRY_BOX","Reimplemented","09B catalog definition plus mutable stable instance schema; generic action/state/save support exists, donor-specific use flow remains incomplete.","PartiallyImplemented","Partial: items.instances.native.v1 + world.entities pose; row-specific round-trip/stream proof pending","09B","Catalog build exit 0; definition/state validation present; row-specific use/save/stream/manual donor comparison pending","Parent P1.ITEM.018; project-owned DefinitionId/StableEntityId. Project-owned proxy fallback only; no reviewed donor wrapper is generated for this definition. 09B audit: Open container state exists; berry contents/acquisition flow is incomplete."
"ITEMDEF-076","P1.ITEM.176","Fireworks bag","ConsumableContainer","P1.ITEM.018","Yes","WOP:6832 FIREWORKS_BAG","Reimplemented","09B catalog definition plus mutable stable instance schema; generic action/state/save support exists, donor-specific use flow remains incomplete.","PartiallyImplemented","Partial: items.instances.native.v1 + world.entities pose; row-specific round-trip/stream proof pending","09B","Catalog build exit 0; definition/state validation present; row-specific use/save/stream/manual donor comparison pending","Parent P1.ITEM.018; project-owned DefinitionId/StableEntityId. Reviewed TemporaryDirectImport wrapper generated/validated; manual visual comparison pending. 09B audit: Open container state exists; rocket membership and firework use flow are incomplete."
"ITEMDEF-077","P1.ITEM.177","Suitcase","StoryCargo","P1.ITEM.016","Yes","WOP:9480 SUITCASE","Reimplemented","09B catalog definition plus mutable stable instance schema; generic action/state/save support exists, donor-specific use flow remains incomplete.","PartiallyImplemented","Partial: items.instances.native.v1 + world.entities pose; row-specific round-trip/stream proof pending","09B","Catalog build exit 0; definition/state validation present; row-specific use/save/stream/manual donor comparison pending","Parent P1.ITEM.016; project-owned DefinitionId/StableEntityId. Reviewed TemporaryDirectImport wrapper generated/validated; manual visual comparison pending. 09B audit: Generic state/persistence boundary exists; donor-specific transitions, UI/audio and executed row comparison remain pending."
"ITEMDEF-078","P1.ITEM.178","Rocket/firework object","Consumable","P1.ITEM.018","Yes","Exported prefab ROCKET","Reimplemented","09B catalog definition plus mutable stable instance schema; generic action/state/save support exists, donor-specific use flow remains incomplete.","PartiallyImplemented","Partial: items.instances.native.v1 + world.entities pose; row-specific round-trip/stream proof pending","09B","Catalog build exit 0; definition/state validation present; row-specific use/save/stream/manual donor comparison pending","Parent P1.ITEM.018; project-owned DefinitionId/StableEntityId. Project-owned proxy fallback only; no reviewed donor wrapper is generated for this definition. 09B audit: Consumable state exists; ignition/flight/explosion behavior and presentation are missing."
"ITEMDEF-079","P1.ITEM.179","Xmas lights","Decoration","P1.ITEM.016","Yes","Exported prefab XMAS_LIGHTS","Reimplemented","09B catalog definition plus mutable stable instance schema; generic action/state/save support exists, donor-specific use flow remains incomplete.","PartiallyImplemented","Partial: items.instances.native.v1 + world.entities pose; row-specific round-trip/stream proof pending","09B","Catalog build exit 0; definition/state validation present; row-specific use/save/stream/manual donor comparison pending","Parent P1.ITEM.016; project-owned DefinitionId/StableEntityId. Project-owned proxy fallback only; no reviewed donor wrapper is generated for this definition. 09B audit: Physical state exists; decoration installation/power behavior and presentation are missing."
"ITEMDEF-080","P1.ITEM.180","Trophy candidates","Candidate","P1.ITEM.016","No","Exported trophy prefabs; reachability unproven","Reimplemented","09B optional catalog definition only; donor reachability and required-scope status are unproven.","Blocked","Uncovered: generic schema could persist a spawned instance, but no authoritative reachable instance exists","09B","Blocked pending locked-donor reachability evidence; no Verified claim.","Parent P1.ITEM.016; project-owned DefinitionId/StableEntityId. Project-owned proxy fallback only; no reviewed donor wrapper is generated for this definition. 09B audit: Donor reachability is unproven; keep outside required scope unless evidence changes."
"ITEMDEF-081","P1.ITEM.181","Eyewear candidates","Candidate","P1.ITEM.016","No","Exported eyewear prefabs; reachability unproven","Reimplemented","09B optional catalog definition only; donor reachability and required-scope status are unproven.","Blocked","Uncovered: generic schema could persist a spawned instance, but no authoritative reachable instance exists","09B","Blocked pending locked-donor reachability evidence; no Verified claim.","Parent P1.ITEM.016; project-owned DefinitionId/StableEntityId. Project-owned proxy fallback only; no reviewed donor wrapper is generated for this definition. 09B audit: Donor reachability is unproven; keep outside required scope unless evidence changes."
"ITEMDEF-082","P1.ITEM.182","Hat candidates","Candidate","P1.ITEM.016","No","Exported hat prefabs; reachability unproven","Reimplemented","09B optional catalog definition only; donor reachability and required-scope status are unproven.","Blocked","Uncovered: generic schema could persist a spawned instance, but no authoritative reachable instance exists","09B","Blocked pending locked-donor reachability evidence; no Verified claim.","Parent P1.ITEM.016; project-owned DefinitionId/StableEntityId. Project-owned proxy fallback only; no reviewed donor wrapper is generated for this definition. 09B audit: Donor reachability is unproven; keep outside required scope unless evidence changes."
