assetPath,guid,category,domains,excludedByConfig,dirtyWorkingTree,reasons
Assets/Chernobyl/Textures/Noise.tga,3948ecb3ddda0914ab24867c36c4a45c,Base Color / Albedo,Vegetation,True,True,Asset or .meta has a concurrent working-tree change.
Assets/Chernobyl/Textures/Vegetation/Aspen/Aspen_01_Bark_A.tga,8a011892f9920134bbf910a55942b185,Base Color / Albedo,Vegetation,True,True,Asset or .meta has a concurrent working-tree change.
Assets/Chernobyl/Textures/Vegetation/Aspen/Aspen_01_Bark_MaskMap.png,3ba1dcc5367ea3d418c9e0eff998a98b,HDRP Mask Map,Vegetation;World,True,True,Asset or .meta has a concurrent working-tree change.
Assets/Chernobyl/Textures/Vegetation/Aspen/Aspen_01_Bark_MS.tga,2d30090df8d521b4b935ebbc6ecb11a3,Alpha Mask / Cutout,Vegetation,True,True,Asset or .meta has a concurrent working-tree change.
Assets/Chernobyl/Textures/Vegetation/Aspen/Aspen_01_Bark_N.tga,8577dbd8b4afa98418bdff7a3c4901fd,Normal Map,Vegetation,True,True,Asset or .meta has a concurrent working-tree change.
Assets/Chernobyl/Textures/Vegetation/Aspen/Aspen_01_Bark_O.tga,18c332d66854a764c9df31b5bd99af65,Unknown / Manual Review,Vegetation,True,True,No authoritative Unity/material classification was found. | Asset or .meta has a concurrent working-tree change.
Assets/Chernobyl/Textures/Vegetation/Aspen/Aspen_02_Bark_A.tga,c802d6a7c8e94ae49884a038f46a0e94,Base Color / Albedo,Vegetation,True,True,Asset or .meta has a concurrent working-tree change.
Assets/Chernobyl/Textures/Vegetation/Aspen/Aspen_02_Bark_MaskMap.png,36692c57d2cb66a49a80956e5f67c92d,HDRP Mask Map,Vegetation;World,True,True,Asset or .meta has a concurrent working-tree change.
Assets/Chernobyl/Textures/Vegetation/Aspen/Aspen_02_Bark_MS.tga,1f1695f3c62dd934a9b7887ca869483c,Alpha Mask / Cutout,Vegetation,True,True,Asset or .meta has a concurrent working-tree change.
Assets/Chernobyl/Textures/Vegetation/Aspen/Aspen_02_Bark_N.tga,1469b843d8e4db745bca6442853b0673,Normal Map,Vegetation,True,True,Asset or .meta has a concurrent working-tree change.
Assets/Chernobyl/Textures/Vegetation/Aspen/Aspen_Bark_A.tga,2f53c94e92457c544afe401229a05fab,Base Color / Albedo,Vegetation,True,True,Asset or .meta has a concurrent working-tree change.
Assets/Chernobyl/Textures/Vegetation/Aspen/Aspen_Bark_MaskMap.png,bd5feb4dd50a6d344a9f6a30028abf4f,HDRP Mask Map,Vegetation;World,True,True,Asset or .meta has a concurrent working-tree change.
Assets/Chernobyl/Textures/Vegetation/Aspen/Aspen_Bark_MS.tga,cfed3e72b6f2fa94c9675523d1703ecd,Alpha Mask / Cutout,Vegetation,True,True,Asset or .meta has a concurrent working-tree change.
Assets/Chernobyl/Textures/Vegetation/Aspen/Aspen_Bark_N.tga,94f0dc0a30286244fa2e5339319146e5,Normal Map,Vegetation,True,True,Asset or .meta has a concurrent working-tree change.
Assets/Chernobyl/Textures/Vegetation/Aspen/Aspen_Bark_O.tga,9e0621f01deabef41bfbbc21bd2440d3,Unknown / Manual Review,Vegetation,True,True,No authoritative Unity/material classification was found. | Asset or .meta has a concurrent working-tree change.
Assets/Chernobyl/Textures/Vegetation/Aspen/Aspen_Leaves_A.tga,91513cb9aa89a1b4a8c50e924e672162,Alpha Mask / Cutout,Vegetation,True,True,Asset or .meta has a concurrent working-tree change.
Assets/Chernobyl/Textures/Vegetation/Aspen/Aspen_Leaves_MRO.tga,c9b766a54e64c7c4ca5998339e3c6936,Alpha Mask / Cutout,Vegetation,True,True,Asset or .meta has a concurrent working-tree change.
Assets/Chernobyl/Textures/Vegetation/Aspen/Aspen_Leaves_N.tga,397f3f32e759a6947861c1ccc6a93689,Normal Map,Vegetation,True,True,Asset or .meta has a concurrent working-tree change.
Assets/Chernobyl/Textures/Vegetation/Aspen/Billboard_Aspen_01.tga,5125c0bcc641b604fa0f17e1623e88ac,Base Color / Albedo,Vegetation,True,True,Asset or .meta has a concurrent working-tree change.
Assets/Chernobyl/Textures/Vegetation/Aspen/Billboard_Aspen_02.tga,bc8d3a0634e6c854b90a54b5c6dfa91a,Base Color / Albedo,Vegetation,True,True,Asset or .meta has a concurrent working-tree change.
Assets/Chernobyl/Textures/Vegetation/Aspen/Billboard_Aspen_03.tga,653ecd786a1d8c6478f7cd1a121cdcdd,Base Color / Albedo,Vegetation,True,True,Asset or .meta has a concurrent working-tree change.
Assets/Chernobyl/Textures/Vegetation/Birch/Billboard_Birch_01.tga,e9c2ccd6ed729c54e8b8538f46ddc9e3,Base Color / Albedo,Vegetation,True,True,Asset or .meta has a concurrent working-tree change.
Assets/Chernobyl/Textures/Vegetation/Birch/Billboard_Birch_02.tga,56b5093b8bee5de4481fb16c185ad9b1,Base Color / Albedo,Vegetation,True,True,Asset or .meta has a concurrent working-tree change.
Assets/Chernobyl/Textures/Vegetation/Birch/Birch_Bark_A.tga,f2e2554881d1a4c4b8ab3f4e6ebcaf1d,Base Color / Albedo,Vegetation,True,True,Asset or .meta has a concurrent working-tree change.
Assets/Chernobyl/Textures/Vegetation/Birch/Birch_Bark_AO.tga,a7970a13d7281884bb01a230fb0389df,Ambient Occlusion,Vegetation,True,True,Asset or .meta has a concurrent working-tree change.
Assets/Chernobyl/Textures/Vegetation/Birch/Birch_Bark_MaskMap.png,13d5bbb92f95e3c4791ba840cff4b027,HDRP Mask Map,Vegetation;World,True,True,Asset or .meta has a concurrent working-tree change.
Assets/Chernobyl/Textures/Vegetation/Birch/Birch_Bark_MS.tga,0592f2ae409f91043812ebe07a299ef9,Alpha Mask / Cutout,Vegetation,True,True,Asset or .meta has a concurrent working-tree change.
Assets/Chernobyl/Textures/Vegetation/Birch/Birch_Bark_N.tga,7e8c04493b5d41249ad182d533105a38,Normal Map,Vegetation,True,True,Asset or .meta has a concurrent working-tree change.
Assets/Chernobyl/Textures/Vegetation/Birch/Birch_Leaves_A.tga,511fafa30c081d5459563b915b64a599,Alpha Mask / Cutout,Vegetation,True,True,Asset or .meta has a concurrent working-tree change.
Assets/Chernobyl/Textures/Vegetation/Birch/Birch_Leaves_MRO.tga,3540cd1a306324e4588f6afa0325700b,Alpha Mask / Cutout,Vegetation,True,True,Asset or .meta has a concurrent working-tree change.
Assets/Chernobyl/Textures/Vegetation/Birch/Birch_Leaves_N.tga,a131e5cb3c8e0b944946386149955c84,Normal Map,Vegetation,True,True,Asset or .meta has a concurrent working-tree change.
Assets/Chernobyl/Textures/Vegetation/Bushes_01/Bushes_01_A.tga,3706d7f0cd9116d4eb1343200124a71c,Alpha Mask / Cutout,Vegetation,True,True,Asset or .meta has a concurrent working-tree change.
Assets/Chernobyl/Textures/Vegetation/Bushes_01/Bushes_01_Mask.tga,13847fd3692761547b997af2b4cb7467,HDRP Mask Map,Vegetation,True,True,Asset or .meta has a concurrent working-tree change.
Assets/Chernobyl/Textures/Vegetation/Bushes_01/Bushes_01_N.tga,f6669d09a9b24f943aa15b5fdc30f02f,Normal Map,Vegetation,True,True,Asset or .meta has a concurrent working-tree change.
Assets/Chernobyl/Textures/Vegetation/Grass/Grass_01_A.tga,3b6bfd566cde0524fbd4c7b2fc9fd53c,Alpha Mask / Cutout,Vegetation,True,True,Asset or .meta has a concurrent working-tree change.
Assets/Chernobyl/Textures/Vegetation/Grass/Grass_01_Mask.tga,38c3abc8a1bb6d24e973a7c661b5acae,HDRP Mask Map,Vegetation,True,True,Asset or .meta has a concurrent working-tree change.
Assets/Chernobyl/Textures/Vegetation/Grass/Grass_01_N.tga,7cb93efc73b73a547bbe6a0a602cd9b3,Normal Map,Vegetation,True,True,Asset or .meta has a concurrent working-tree change.
Assets/Chernobyl/Textures/Vegetation/Grass/Grass_09_A.tga,e424581afe1afcc4598320c56d51d1ea,Alpha Mask / Cutout,Vegetation,True,True,Asset or .meta has a concurrent working-tree change.
Assets/Chernobyl/Textures/Vegetation/Grass/Grass_09_Mask.tga,1d7f2e76c2caf694eb6358659a689c89,HDRP Mask Map,Vegetation,True,True,Asset or .meta has a concurrent working-tree change.
Assets/Chernobyl/Textures/Vegetation/Grass/Grass_09_N.tga,dd018a4d8427ba54280a838ccd20abc5,Normal Map,Vegetation,True,True,Asset or .meta has a concurrent working-tree change.
Assets/Chernobyl/Textures/Vegetation/Grass/Small_Tree_A.tga,bcdfe67ed214d044fabdf400e14a44e3,Alpha Mask / Cutout,Vegetation,True,True,Asset or .meta has a concurrent working-tree change.
Assets/Chernobyl/Textures/Vegetation/Grass/Small_Tree_Mask.tga,288de257612dd284f9cdc793c4cbfb37,HDRP Mask Map,Vegetation,True,True,Asset or .meta has a concurrent working-tree change.
Assets/Chernobyl/Textures/Vegetation/Grass/Small_Tree_N.tga,19bc9e21cd3dbca4bb9b9ad30ac6ad44,Normal Map,Vegetation,True,True,Asset or .meta has a concurrent working-tree change.
Assets/Chernobyl/Textures/Vegetation/Maple/Maple_01_Bark_A.tga,86b887ea9fdb73a42aff6fde625d9094,Base Color / Albedo,Vegetation;World,True,True,Asset or .meta has a concurrent working-tree change.
Assets/Chernobyl/Textures/Vegetation/Maple/Maple_01_Bark_MaskMap.png,d2eb542f05e737e4bbe110150b5aae7b,HDRP Mask Map,Vegetation;World,True,True,Asset or .meta has a concurrent working-tree change.
Assets/Chernobyl/Textures/Vegetation/Maple/Maple_01_Bark_MS.tga,af0a5c5ecaa8d5d4fb86d08876a79866,Alpha Mask / Cutout,Vegetation;World,True,True,Asset or .meta has a concurrent working-tree change.
Assets/Chernobyl/Textures/Vegetation/Maple/Maple_01_Bark_N.tga,3282987b8a9cb1d47890e05d57f196f9,Normal Map,Vegetation;World,True,True,Asset or .meta has a concurrent working-tree change.
Assets/Chernobyl/Textures/Vegetation/Maple/Maple_01_Bark_O.tga,5e838a6193c5b5e46aa01a05e1ff6c36,Unknown / Manual Review,Vegetation;World,True,True,No authoritative Unity/material classification was found. | Asset or .meta has a concurrent working-tree change.
Assets/Chernobyl/Textures/Vegetation/Maple/Maple_Leaves_A.tga,edfd48c766a8d4949b93eb80cb012e50,Alpha Mask / Cutout,Vegetation;World,True,True,Asset or .meta has a concurrent working-tree change.
Assets/Chernobyl/Textures/Vegetation/Maple/Maple_Leaves_Mask.tga,1f46969a7ac7b9845aa3054c2f904615,HDRP Mask Map,Vegetation;World,True,True,Asset or .meta has a concurrent working-tree change.
Assets/Chernobyl/Textures/Vegetation/Maple/Maple_Leaves_N.tga,da843f59b5bf81b40b4c0fdfbe02ee47,Normal Map,Vegetation;World,True,True,Asset or .meta has a concurrent working-tree change.
Assets/Chernobyl/Textures/Vegetation/Noise.tga,26e819997ca443c449ab615eff7fae83,Base Color / Albedo,Vegetation;World,True,True,Asset or .meta has a concurrent working-tree change.
Assets/Chernobyl/Textures/Vegetation/Pine/Billboard_Pine_01.tga,8bc0e969f1b6da14d998358d9ce7450c,Base Color / Albedo,Vegetation,True,True,Asset or .meta has a concurrent working-tree change.
Assets/Chernobyl/Textures/Vegetation/Pine/Billboard_Pine_02.tga,6efdb8acd7378b744aab8dcccf2dc16a,Base Color / Albedo,Vegetation,True,True,Asset or .meta has a concurrent working-tree change.
Assets/Chernobyl/Textures/Vegetation/Pine/Billboard_Pine_04.tga,f4c36d6bbbad9474a9ee36f4ab398d54,Base Color / Albedo,Vegetation,True,True,Asset or .meta has a concurrent working-tree change.
Assets/Chernobyl/Textures/Vegetation/Pine/Pine_Bark_A.tga,4d7c176d2c981e14c8224938f4a84dae,Base Color / Albedo,Vegetation,True,True,Asset or .meta has a concurrent working-tree change.
Assets/Chernobyl/Textures/Vegetation/Pine/Pine_Bark_MaskMap.png,32fb9ab563b69d64c99fa667dca846a8,HDRP Mask Map,Vegetation;World,True,True,Asset or .meta has a concurrent working-tree change.
Assets/Chernobyl/Textures/Vegetation/Pine/Pine_Bark_MS.tga,60cf22c19068fab48a36bcced80bc0da,Alpha Mask / Cutout,Vegetation,True,True,Asset or .meta has a concurrent working-tree change.
Assets/Chernobyl/Textures/Vegetation/Pine/Pine_Bark_N.tga,405081229bf78b049a1ee40616c60f79,Normal Map,Vegetation,True,True,Asset or .meta has a concurrent working-tree change.
Assets/Chernobyl/Textures/Vegetation/Pine/Pine_Needles_A.tga,104b7e98bf9979241b9778a778f76a0c,Normal Map,Vegetation,True,True,Asset or .meta has a concurrent working-tree change.
Assets/Chernobyl/Textures/Vegetation/Pine/Pine_Needles_Mask.tga,c6edf3fd6289a56499ea239ab305bedb,Normal Map,Vegetation,True,True,Asset or .meta has a concurrent working-tree change.
Assets/Chernobyl/Textures/Vegetation/Pine/Pine_Needles_N.tga,bcb75680fdd4aab42a3123918599d83f,Normal Map,Vegetation,True,True,Asset or .meta has a concurrent working-tree change.
Assets/Enviro 3 - Sky and Weather/Resources/tex_enviro_black.png,a4b6e5316451f9e4496d1a0c8beeaab3,Unknown / Manual Review,Unassigned,True,False,No authoritative Unity/material classification was found.
Assets/Enviro 3 - Sky and Weather/Sample/Textures/Grass004_1K_Color.png,d1ae99edeffaada488eedf02d0ae25e9,Alpha Mask / Cutout,Vegetation,True,False,
Assets/Enviro 3 - Sky and Weather/Sample/Textures/Grass004_1K_NormalDX.png,18529a7524461e9499ebd82179cd5b8a,Normal Map,Vegetation,True,False,
Assets/Enviro 3 - Sky and Weather/Sample/Textures/Ground037_1K_Color.png,57231b317cd776244a8b5cb1fec34960,Unknown / Manual Review,World,True,False,No authoritative Unity/material classification was found.
Assets/Enviro 3 - Sky and Weather/Sample/Textures/Ground037_1K_NormalDX.png,64904559bfffc344ebca5a88462ab88c,Normal Map,World,True,False,
Assets/Enviro 3 - Sky and Weather/Sample/Textures/Rock008_1K_Color.png,afec784ce237d7247b68a05c1263c373,Unknown / Manual Review,Unassigned,True,False,No authoritative Unity/material classification was found.
Assets/Enviro 3 - Sky and Weather/Sample/Textures/Rock008_1K_NormalDX.png,fb9a44889cdaf0a4d86ef487228c0dff,Normal Map,Unassigned,True,False,
Assets/Enviro 3 - Sky and Weather/Sample/Textures/Rock012_1K_Color.png,05b319e3f13e9fd48a23a5dfc5f34247,Unknown / Manual Review,Unassigned,True,False,No authoritative Unity/material classification was found.
Assets/Enviro 3 - Sky and Weather/Sample/Textures/Rock012_1K_NormalDX.png,24761c0d39d104f46a00529030bda5d4,Normal Map,Unassigned,True,False,
Assets/Enviro 3 - Sky and Weather/Sample/Textures/Rock013_1K_Color.png,c654c59abe3494d44bf1027a05e71eb6,Unknown / Manual Review,Unassigned,True,False,No authoritative Unity/material classification was found.
Assets/Enviro 3 - Sky and Weather/Sample/Textures/Rock013_1K_NormalDX.png,24f69d29c88e9ff438c4d9b442a59f9f,Normal Map,Unassigned,True,False,
Assets/Enviro 3 - Sky and Weather/Textures/cube_enviro_galaxy.png,5734983fc81450b4187c3cfa5985edef,Unknown / Manual Review,Unassigned,True,False,No authoritative Unity/material classification was found.
Assets/Enviro 3 - Sky and Weather/Textures/cube_enviro_stars.png,b5a7175da0f133b4d951c19c9c2cebfc,Unknown / Manual Review,Unassigned,True,False,No authoritative Unity/material classification was found.
Assets/Enviro 3 - Sky and Weather/Textures/cube_enviro_starsNoise.png,a25af6a439465e247b1c97f4608d75ce,Unknown / Manual Review,Unassigned,True,False,No authoritative Unity/material classification was found.
Assets/Enviro 3 - Sky and Weather/Textures/enviro_detail_noise.jpg,fe4a9656293440e449aff1ead48cb904,Normal Map,Unassigned,True,False,
Assets/Enviro 3 - Sky and Weather/Textures/enviro_dust_particles.png,1fe22a4cdd9661946ac6267d089a339c,Unknown / Manual Review,Unassigned,True,False,No authoritative Unity/material classification was found.
Assets/Enviro 3 - Sky and Weather/Textures/enviro_lightning_glow.png,7de6bdb04c014f846b27189cc78d5176,Base Color / Albedo,Unassigned,True,False,
Assets/Enviro 3 - Sky and Weather/Textures/enviro_lightningBolt_particle.png,00252c80c12aa8e4ab4f6bd0b18ae485,Base Color / Albedo,Unassigned,True,False,
Assets/Enviro 3 - Sky and Weather/Textures/enviro_lightningFlash_particle.png,6b3a446117b3fe342b11fb0db53d0ef6,Unknown / Manual Review,Unassigned,True,False,No authoritative Unity/material classification was found.
Assets/Enviro 3 - Sky and Weather/Textures/enviro_rain_particles.png,5c83282ca2748e94f955da788bd786eb,Base Color / Albedo,Unassigned,True,False,
Assets/Enviro 3 - Sky and Weather/Textures/enviro_rainSplash_particles.png,bb157ff99b375e64cabd64a6f73023e0,Base Color / Albedo,Unassigned,True,False,
Assets/Enviro 3 - Sky and Weather/Textures/enviro_snow_particles.png,e3b1ddad603b54246904e7544f9e3f13,Base Color / Albedo,Unassigned,True,False,
Assets/Enviro 3 - Sky and Weather/Textures/Enviro_Sun_Tex.png,c95bed5306e94f24ba5802d841607ac7,Unknown / Manual Review,Unassigned,True,False,No authoritative Unity/material classification was found.
Assets/Enviro 3 - Sky and Weather/Textures/tex_enviro_aurora_colorshift.tga,f99b7b1866c1ab3489d848a4ef3dd81b,Unknown / Manual Review,Unassigned,True,False,No authoritative Unity/material classification was found.
Assets/Enviro 3 - Sky and Weather/Textures/tex_enviro_aurora_layer_1.tga,3316634c3fa8231429eb988934de236c,Unknown / Manual Review,Unassigned,True,False,No authoritative Unity/material classification was found.
Assets/Enviro 3 - Sky and Weather/Textures/tex_enviro_aurora_layer_2.tga,25bf6a8e18b4471499e961d75d1777c2,Unknown / Manual Review,Unassigned,True,False,No authoritative Unity/material classification was found.
Assets/Enviro 3 - Sky and Weather/Textures/tex_enviro_blueNoise.png,3f714f8f28ab17e499e2e6c690af70cc,Unknown / Manual Review,Unassigned,True,False,No authoritative Unity/material classification was found.
Assets/Enviro 3 - Sky and Weather/Textures/tex_enviro_blueNoise2.png,d2e9e18343f99f54fbe0dc30a848ed52,Unknown / Manual Review,Unassigned,True,False,No authoritative Unity/material classification was found.
Assets/Enviro 3 - Sky and Weather/Textures/tex_enviro_cirrus.png,75c66597a85001644b2de40147b8d196,Unknown / Manual Review,Unassigned,True,False,No authoritative Unity/material classification was found.
Assets/Enviro 3 - Sky and Weather/Textures/tex_enviro_detail.png,6d1bd41afa691054c8a8f14b15ec608a,Unknown / Manual Review,Unassigned,True,False,No authoritative Unity/material classification was found.
Assets/Enviro 3 - Sky and Weather/Textures/tex_enviro_detail_2.png,b7acf882b3b0d6c4a9d1a04c10fe146a,Unknown / Manual Review,Unassigned,True,False,No authoritative Unity/material classification was found.
Assets/Enviro 3 - Sky and Weather/Textures/tex_enviro_dithering.png,711e788cbc742bb439b3c7cad60651e3,Unknown / Manual Review,Unassigned,True,False,No authoritative Unity/material classification was found.
Assets/Enviro 3 - Sky and Weather/Textures/tex_enviro_flat_base.png,d178a8cc601a00f48914c0bfd42c77d5,Unknown / Manual Review,Unassigned,True,False,No authoritative Unity/material classification was found.
Assets/Enviro 3 - Sky and Weather/Textures/tex_enviro_flat_detail.png,2e0e351a1a0d49545a3dd0264e7ac2d9,Unknown / Manual Review,Unassigned,True,False,No authoritative Unity/material classification was found.
Assets/Enviro 3 - Sky and Weather/Textures/tex_enviro_moon_bright.png,cd30c1b1dc2be97419c82bfd1cb2180c,Unknown / Manual Review,Unassigned,True,False,No authoritative Unity/material classification was found.
Assets/Enviro 3 - Sky and Weather/Textures/tex_enviro_moon_standard.png,c6fd9f694390e0245b6dca5812065950,Unknown / Manual Review,Unassigned,True,False,No authoritative Unity/material classification was found.
Assets/Enviro 3 - Sky and Weather/Textures/tex_enviro_moonGlowNew.png,6838e0810da4e49488b5d9a6ee76eb07,Unknown / Manual Review,Unassigned,True,False,No authoritative Unity/material classification was found.
Assets/Enviro 3 - Sky and Weather/Textures/tex_enviro_noise.png,ff436455107d4214bb99ee62c6ad431f,Normal Map,Unassigned,True,False,
Assets/Game/Bootstrap/Bootstrap/ReflectionProbe-0.exr,aaa4a37f68350f74cbb180789a150b90,Cubemap,Unassigned,True,True,Matched manual-review pattern: *ReflectionProbe* | UnidentifiedImageError: cannot identify image file 'E:\\GAYmDev_Studio\\MySummerCar_Remake\\Assets\\Game\\Bootstrap\\Bootstrap\\ReflectionProbe-0.exr' | Asset or .meta has a concurrent working-tree change.
Assets/Game/LegacyImport/RuntimeBaseline/Generated/World/Textures/dagestan-6-4.jpg,ade8cea8e9e582347bcaee4d38c3a355,Unknown / Manual Review,World,False,False,No authoritative Unity/material classification was found.
Assets/Game/LegacyImport/RuntimeBaseline/Generated/World/Textures/dagestan-6.jpg,4f6879cc6875eb6459673dcb329f3319,Unknown / Manual Review,World,False,False,No authoritative Unity/material classification was found.
Assets/Game/LegacyImport/RuntimeBaseline/Generated/World/Textures/M06B2_04bd6c8f456d54944890594e5feeccfe_linear.png,ec384f125d819dd45bb4f9a1fe008821,Unknown / Manual Review,World,False,False,No authoritative Unity/material classification was found.
Assets/Game/LegacyImport/RuntimeBaseline/Generated/World/Textures/M06B2_087b632038ddca14ba81c7a13368671f_color.png,3eef5b1b766fbff419bfe279d6d88860,Unknown / Manual Review,World,False,False,No authoritative Unity/material classification was found.
Assets/Game/LegacyImport/RuntimeBaseline/Generated/World/Textures/M06B2_176b42ef60a3a6b4bb2ece83adeccd95_color.png,6e3f8d88c30af5347b68844d7c86bf11,Unknown / Manual Review,World,False,False,No authoritative Unity/material classification was found.
Assets/Game/LegacyImport/RuntimeBaseline/Generated/World/Textures/M06B2_185f797705cd07a48bbeec0a7ab9e36d_color.png,2216fee455eba8846835774b233db604,Unknown / Manual Review,World,False,False,No authoritative Unity/material classification was found.
Assets/Game/LegacyImport/RuntimeBaseline/Generated/World/Textures/M06B2_1d71148a1f7e1f348aafece1b80d9e2d_color.png,d7881770a5da8db47a76e24825080fa8,Unknown / Manual Review,World,False,False,No authoritative Unity/material classification was found.
Assets/Game/LegacyImport/RuntimeBaseline/Generated/World/Textures/M06B2_22a9191840b568c418577bef2b8316f9_color.png,ab58cb9795e44a942b3c04fc910f5b4a,Unknown / Manual Review,World,False,False,No authoritative Unity/material classification was found.
Assets/Game/LegacyImport/RuntimeBaseline/Generated/World/Textures/M06B2_2b067fbce6ba1434f90da2eef0c092d9_color.png,c7abe24127778d34987dc233a419f3be,Unknown / Manual Review,World,False,False,No authoritative Unity/material classification was found.
Assets/Game/LegacyImport/RuntimeBaseline/Generated/World/Textures/M06B2_2ee72860e09082341849f554bc6fd4ab_linear.png,8f14c80a4cede8a458f4753b977343a6,Unknown / Manual Review,World,False,False,No authoritative Unity/material classification was found.
Assets/Game/LegacyImport/RuntimeBaseline/Generated/World/Textures/M06B2_3ff8542217b639a47962a3969df1555c_color.png,ad5ab5899e15204469d60cd4bf09d145,Unknown / Manual Review,World,False,False,No authoritative Unity/material classification was found.
Assets/Game/LegacyImport/RuntimeBaseline/Generated/World/Textures/M06B2_44b329aa962c9294f981f221e8650877_color.png,948f1a2968163c44ab28a074a4cebc77,Unknown / Manual Review,World,False,False,No authoritative Unity/material classification was found.
Assets/Game/LegacyImport/RuntimeBaseline/Generated/World/Textures/M06B2_4b981dacef514ba42b1120fba88f9c0c_linear.png,c1258d9374e724f488aed430c81fb578,Unknown / Manual Review,World,False,False,No authoritative Unity/material classification was found.
Assets/Game/LegacyImport/RuntimeBaseline/Generated/World/Textures/M06B2_50378d666cef2e4459401340c9b73323_linear.png,44455070789f8864782d3d76d46421fa,Unknown / Manual Review,World,False,False,No authoritative Unity/material classification was found.
Assets/Game/LegacyImport/RuntimeBaseline/Generated/World/Textures/M06B2_50a0b7c1c419db543aacf0b82a8cb137_linear.png,bce17b8c2b02be443a9bde00cbc30e41,Unknown / Manual Review,World,False,False,No authoritative Unity/material classification was found.
Assets/Game/LegacyImport/RuntimeBaseline/Generated/World/Textures/M06B2_53c69bd44939bdb4993605537fb20079_color.png,1215fc41a7d71bd4d88ac6873e1b132a,Unknown / Manual Review,World,False,False,No authoritative Unity/material classification was found.
Assets/Game/LegacyImport/RuntimeBaseline/Generated/World/Textures/M06B2_5c58d7ab0f2101b44a2a4baa242b4ec2_linear.png,a9c3ccb9560f7944aa01e415142c4f9a,Unknown / Manual Review,World,False,False,No authoritative Unity/material classification was found.
Assets/Game/LegacyImport/RuntimeBaseline/Generated/World/Textures/M06B2_666f9dd8a5e12da439fb91ec437c7283_color.png,7f50bcf3ec895a943a1626047ec1c0da,Unknown / Manual Review,World,False,False,No authoritative Unity/material classification was found.
Assets/Game/LegacyImport/RuntimeBaseline/Generated/World/Textures/M06B2_7327f3d99f81ee34db8b0b24f48704ad_color.png,af28de2f24d4ec0438523a525d171a93,Unknown / Manual Review,World,False,False,No authoritative Unity/material classification was found.
Assets/Game/LegacyImport/RuntimeBaseline/Generated/World/Textures/M06B2_75e50cd6f0c56a04f9d7b2d384c30b4e_color.png,352731950f59a324abdd9da7ae170181,Unknown / Manual Review,World,False,False,No authoritative Unity/material classification was found.
Assets/Game/LegacyImport/RuntimeBaseline/Generated/World/Textures/M06B2_7f2562627e3d53a4ca7440d1c3bf33ab_color.png,2e840e61189181343bd2645b11f27f70,Unknown / Manual Review,World,False,False,No authoritative Unity/material classification was found.
Assets/Game/LegacyImport/RuntimeBaseline/Generated/World/Textures/M06B2_81328b6e9fba3df46a19790a40e1525f_linear.png,ccd1c2afb40dd3c48bf8b6abfc9b4f3b,Unknown / Manual Review,World,False,False,No authoritative Unity/material classification was found.
Assets/Game/LegacyImport/RuntimeBaseline/Generated/World/Textures/M06B2_851b7e3bf0be34d488733a88fca3816c_linear.png,be8a94e7c3a2d6347ba8acc48917c515,Unknown / Manual Review,World,False,False,No authoritative Unity/material classification was found.
Assets/Game/LegacyImport/RuntimeBaseline/Generated/World/Textures/M06B2_96dc1b0079f9ac24d85a201f116eaa98_color.png,694d2f852c276f3479a0b63cfc95d2b7,Base Color / Albedo,World,False,False,Purpose-built seamless road-network texture from a separate reviewed task.
Assets/Game/LegacyImport/RuntimeBaseline/Generated/World/Textures/M06B2_ae9770b97d98f9a4393059c619799111_color.png,099f82863d3bd0e4da43eca762051a6b,Unknown / Manual Review,World,False,False,No authoritative Unity/material classification was found.
Assets/Game/LegacyImport/RuntimeBaseline/Generated/World/Textures/M06B2_b31431746d25f0143a07508b36ac1dec_linear.png,c4140778551928f44bcf89ebfd6914b5,Unknown / Manual Review,World,False,False,No authoritative Unity/material classification was found.
Assets/Game/LegacyImport/RuntimeBaseline/Generated/World/Textures/M06B2_b8213e5a6d8100041a6f3fab6831426e_linear.png,25049a07ffe0bc84ca90828dd839f072,Unknown / Manual Review,World,False,False,No authoritative Unity/material classification was found.
Assets/Game/LegacyImport/RuntimeBaseline/Generated/World/Textures/M06B2_c18a2d398a0584447b919fa1ff614e2f_color.png,fc761e9e67ba3fd47aa86d9901d92b3a,Unknown / Manual Review,World,False,False,No authoritative Unity/material classification was found.
Assets/Game/LegacyImport/RuntimeBaseline/Generated/World/Textures/M06B2_c8d490a4905ef524b8043fec74c2f19c_color.png,a5469953ef98ad64a97275fa6cfe852f,Unknown / Manual Review,World,False,False,No authoritative Unity/material classification was found.
Assets/Game/LegacyImport/RuntimeBaseline/Generated/World/Textures/M06B2_d900a6c887cc752448a0064c0b121b11_color.png,fd24b863dee876c40a39ef41add1d9e1,Unknown / Manual Review,World,False,False,No authoritative Unity/material classification was found.
Assets/Game/LegacyImport/RuntimeBaseline/Generated/World/Textures/M06B2_e23c19a43258bd947a4e7dfeb5f4df93_color.png,706351d018219f24a823283154298ef0,Unknown / Manual Review,World,False,False,No authoritative Unity/material classification was found.
Assets/Game/LegacyImport/RuntimeBaseline/Generated/World/Textures/M06B2_e987e53d626d5c944a8186bc442eac82_linear.png,31c2eaaf9c95b8e46aa40b946f41ecc7,Unknown / Manual Review,World,False,False,No authoritative Unity/material classification was found.
Assets/Game/LegacyImport/RuntimeBaseline/Generated/World/Textures/M06B2_fc7bd51e42b0d3042ab168296aab73cb_color.png,557deb35d0d0f6846a0cf2eb22f43494,Unknown / Manual Review,World,False,False,No authoritative Unity/material classification was found.
Assets/Game/LegacyImport/RuntimeBaseline/Generated/World/Textures/M06B2_fe3d3aafedc71d14ea8f3136d2fb8b26_color.png,62a313c900fde38489b0f84e8c7f7b28,Unknown / Manual Review,World,False,False,No authoritative Unity/material classification was found.
Assets/Game/LegacyImport/RuntimeBaseline/Generated/World/Textures/road-9-4.jpg,cf51998ee726fc44280ee9ed7cbd232a,Unknown / Manual Review,World,False,False,No authoritative Unity/material classification was found.
Assets/Game/LegacyImport/RuntimeBaseline/Generated/World/Textures/road-9.jpg,5dc45a7aa12609f4abf0f9abcd458c20,Unknown / Manual Review,World,False,False,No authoritative Unity/material classification was found.
Assets/Game/Presentation/Vegetation/Generated/Phase1/Textures/NorwaySpruceHD/Foliage01_BaseColorOpacity.png,61c9985717cf3ea469003c2649146574,Base Color / Albedo,Vegetation,False,True,Asset or .meta has a concurrent working-tree change.
Assets/Game/Presentation/Vegetation/Generated/Phase1/Textures/NorwaySpruceHD/Foliage02_BaseColorOpacity.png,dfca405e7b8e475498e411b4b9d59857,Base Color / Albedo,Vegetation,False,True,Asset or .meta has a concurrent working-tree change.
Assets/Game/Presentation/Vegetation/Generated/Phase1/Textures/NorwaySpruceHD/Foliage02Long_BaseColorOpacity.png,c2c6f9ec52e15144a81e70f9af102973,Base Color / Albedo,Vegetation,False,True,Asset or .meta has a concurrent working-tree change.
Assets/Game/Presentation/Vegetation/Generated/Phase1/Textures/NorwaySpruceHD/Foliage02Short_BaseColorOpacity.png,230834d0727a9d94082ed0798115a116,Base Color / Albedo,Vegetation,False,True,Asset or .meta has a concurrent working-tree change.
Assets/Game/Presentation/Vegetation/Generated/Phase1/Textures/Spruce/Spruce_Bark_MaskMap.png,7079d9ccdcf52014fa539e04d619165c,HDRP Mask Map,Vegetation;World,False,True,Asset or .meta has a concurrent working-tree change.
Assets/Game/Presentation/Vegetation/Generated/Phase1/Textures/Spruce/Spruce_Branch_BaseColorOpacity.png,0a4652edab2a2984f87cb69d0992754a,Base Color / Albedo,Vegetation,False,True,Asset or .meta has a concurrent working-tree change.
Assets/Game/Presentation/Vegetation/Generated/Phase1/Textures/Spruce/Spruce_Branch_MaskMap.png,1a221ac2bcfa543458495cb269e56a7b,HDRP Mask Map,Vegetation;World,False,True,Asset or .meta has a concurrent working-tree change.
Assets/Game/Presentation/Vegetation/ThirdParty/NorwaySpruceHD/Source/Textures/StandardHealthy/Picea_abies_HD_Picea_branch_Picea_abies_bark_01_LOD0_Color.png,b9cb2d383c5539a40aa583ef102fe75e,Base Color / Albedo,Vegetation,False,True,Asset or .meta has a concurrent working-tree change.
Assets/Game/Presentation/Vegetation/ThirdParty/NorwaySpruceHD/Source/Textures/StandardHealthy/Picea_abies_HD_Picea_branch_Picea_abies_branch_01_n_LOD0_Nor.png,3ab9c8e9ff407b442be52dab503d0010,Normal Map,Vegetation,False,True,Asset or .meta has a concurrent working-tree change.
Assets/Game/Presentation/Vegetation/ThirdParty/NorwaySpruceHD/Source/Textures/StandardHealthy/Picea_abies_HD_Picea_brch_cut_02_Picea_branch_cut_01_n_LOD0_.png,1cd511ebde16cdd4da94d977ba81b409,Normal Map,Vegetation,False,True,Asset or .meta has a concurrent working-tree change.
Assets/Game/Presentation/Vegetation/ThirdParty/NorwaySpruceHD/Source/Textures/StandardHealthy/Picea_abies_HD_Picea_brch_cut_02_Picea_branch_cut_01b_LOD0_C.png,18e9351cfb615bd48aa6b22731c29d2f,Unknown / Manual Review,Vegetation,False,True,No authoritative Unity/material classification was found. | Asset or .meta has a concurrent working-tree change.
Assets/Game/Presentation/Vegetation/ThirdParty/NorwaySpruceHD/Source/Textures/StandardHealthy/Picea_abies_HD_Picea_fol_1_dying_Picea_fol_01_dying_a_LOD0_T.png,53ffb32f1eeba1e4e94befc22dcd7972,Unknown / Manual Review,Vegetation,False,True,No authoritative Unity/material classification was found. | Asset or .meta has a concurrent working-tree change.
Assets/Game/Presentation/Vegetation/ThirdParty/NorwaySpruceHD/Source/Textures/StandardHealthy/Picea_abies_HD_Picea_fol_1_dying_Picea_fol_01_dying_LOD0_Col.png,0a23fe9dbdf8f344caa9c578d17a4730,Unknown / Manual Review,Vegetation,False,True,No authoritative Unity/material classification was found. | Asset or .meta has a concurrent working-tree change.
Assets/Game/Presentation/Vegetation/ThirdParty/NorwaySpruceHD/Source/Textures/StandardHealthy/Picea_abies_HD_Picea_fol_1_dying_Picea_fol_01_dying_n_LOD0_N.png,6a220d6afeb0523428a1f40bb710b243,Normal Map,Vegetation,False,True,Asset or .meta has a concurrent working-tree change.
Assets/Game/Presentation/Vegetation/ThirdParty/NorwaySpruceHD/Source/Textures/StandardHealthy/Picea_abies_HD_Picea_fol_1_Picea_fol_01_a_LOD0_Transparency.png,ca5ab7c35f86aac4580cbb4d03d17ae5,Unknown / Manual Review,Vegetation,False,True,No authoritative Unity/material classification was found. | Asset or .meta has a concurrent working-tree change.
Assets/Game/Presentation/Vegetation/ThirdParty/NorwaySpruceHD/Source/Textures/StandardHealthy/Picea_abies_HD_Picea_fol_1_Picea_fol_01_LOD0_Color.png,9dcfa9eff47a4da4ea622fb2e250eb16,Unknown / Manual Review,Vegetation,False,True,No authoritative Unity/material classification was found. | Asset or .meta has a concurrent working-tree change.
Assets/Game/Presentation/Vegetation/ThirdParty/NorwaySpruceHD/Source/Textures/StandardHealthy/Picea_abies_HD_Picea_fol_1_Picea_fol_01_n_LOD0_Normal.png,7cb9066d7d0d2174794bfcaccf9871c7,Normal Map,Vegetation,False,True,Asset or .meta has a concurrent working-tree change.
Assets/Game/Presentation/Vegetation/ThirdParty/NorwaySpruceHD/Source/Textures/StandardHealthy/Picea_abies_HD_Picea_fol_2_long_Picea_fol_02_long_a_LOD0_Tra.png,d815c569ff5da9f479c7b33300522466,Unknown / Manual Review,Vegetation,False,True,No authoritative Unity/material classification was found. | Asset or .meta has a concurrent working-tree change.
Assets/Game/Presentation/Vegetation/ThirdParty/NorwaySpruceHD/Source/Textures/StandardHealthy/Picea_abies_HD_Picea_fol_2_long_Picea_fol_02_long_LOD0_Color.png,797a6d89cfb59ff49b1f841a2336a35d,Unknown / Manual Review,Vegetation,False,True,No authoritative Unity/material classification was found. | Asset or .meta has a concurrent working-tree change.
Assets/Game/Presentation/Vegetation/ThirdParty/NorwaySpruceHD/Source/Textures/StandardHealthy/Picea_abies_HD_Picea_fol_2_long_Picea_fol_02_long_n_LOD0_Nor.png,148ae414b709a1a4eae59fb7d718765c,Normal Map,Vegetation,False,True,Asset or .meta has a concurrent working-tree change.
Assets/Game/Presentation/Vegetation/ThirdParty/NorwaySpruceHD/Source/Textures/StandardHealthy/Picea_abies_HD_Picea_fol_2_Picea_fol_02_a_LOD0_Transparency.png,3e05538bd257b9f4da6c4bd3ce1b7d1c,Unknown / Manual Review,Vegetation,False,True,No authoritative Unity/material classification was found. | Asset or .meta has a concurrent working-tree change.
Assets/Game/Presentation/Vegetation/ThirdParty/NorwaySpruceHD/Source/Textures/StandardHealthy/Picea_abies_HD_Picea_fol_2_Picea_fol_02_LOD0_Color.png,2aac8bc268dd3eb40a4edad1719517e6,Unknown / Manual Review,Vegetation,False,True,No authoritative Unity/material classification was found. | Asset or .meta has a concurrent working-tree change.
Assets/Game/Presentation/Vegetation/ThirdParty/NorwaySpruceHD/Source/Textures/StandardHealthy/Picea_abies_HD_Picea_fol_2_Picea_fol_02_n_LOD0_Normal.png,b1dc653ab8ab1a242943edc93233ac90,Normal Map,Vegetation,False,True,Asset or .meta has a concurrent working-tree change.
Assets/Game/Presentation/Vegetation/ThirdParty/NorwaySpruceHD/Source/Textures/StandardHealthy/Picea_abies_HD_Picea_fol_2_short_Picea_fol_02_short_a_LOD0_T.png,d2e70d985da60e34e999c6629c7199f5,Unknown / Manual Review,Vegetation,False,True,No authoritative Unity/material classification was found. | Asset or .meta has a concurrent working-tree change.
Assets/Game/Presentation/Vegetation/ThirdParty/NorwaySpruceHD/Source/Textures/StandardHealthy/Picea_abies_HD_Picea_fol_2_short_Picea_fol_02_short_LOD0_Col.png,157f25d09fc360d47b6dc93551e0eee7,Unknown / Manual Review,Vegetation,False,True,No authoritative Unity/material classification was found. | Asset or .meta has a concurrent working-tree change.
Assets/Game/Presentation/Vegetation/ThirdParty/NorwaySpruceHD/Source/Textures/StandardHealthy/Picea_abies_HD_Picea_fol_2_short_Picea_fol_02_short_n_LOD0_N.png,935b582c0a6257c42a11105c30fbd1fb,Normal Map,Vegetation,False,True,Asset or .meta has a concurrent working-tree change.
Assets/Game/Presentation/Vegetation/ThirdParty/NorwaySpruceHD/Source/Textures/StandardHealthy/Picea_abies_HD_Picea_trunk_cut_01_LOD0_Color.png,98197991a0932544a87d5b75275079b3,Unknown / Manual Review,Vegetation,False,True,No authoritative Unity/material classification was found. | Asset or .meta has a concurrent working-tree change.
Assets/Game/Presentation/Vegetation/ThirdParty/NorwaySpruceHD/Source/Textures/StandardHealthy/Picea_abies_HD_Picea_trunk_cut_01_n_LOD0_Normal.png,6e3fabd23ac198845adc598e127189f2,Normal Map,Vegetation,False,True,Asset or .meta has a concurrent working-tree change.
Assets/Game/Presentation/Vegetation/ThirdParty/SprucePack/Source/Textures/Spruce_Bark_Albedo.TGA,29c98638b48a20241b711fd14567344e,Base Color / Albedo,Vegetation,False,True,Asset or .meta has a concurrent working-tree change.
Assets/Game/Presentation/Vegetation/ThirdParty/SprucePack/Source/Textures/Spruce_Bark_AO.png,4eb9dd6b9aad3cd418a268d45e8821f8,Ambient Occlusion,Vegetation,False,True,Asset or .meta has a concurrent working-tree change.
Assets/Game/Presentation/Vegetation/ThirdParty/SprucePack/Source/Textures/Spruce_Bark_ARM.tga,33f62b831930726499110ae5d98efea4,Alpha Mask / Cutout,Vegetation,False,True,Asset or .meta has a concurrent working-tree change.
Assets/Game/Presentation/Vegetation/ThirdParty/SprucePack/Source/Textures/Spruce_Bark_Height.png,b28bc8a333674504f9980f03e7772d45,Height / Displacement,Vegetation,False,True,16-bit source requires precision-specific review. | Asset or .meta has a concurrent working-tree change.
Assets/Game/Presentation/Vegetation/ThirdParty/SprucePack/Source/Textures/Spruce_Bark_Normal.tga,81aef6a231fd3844dbb9c3c42dabb7cd,Normal Map,Vegetation,False,True,Asset or .meta has a concurrent working-tree change.
Assets/Game/Presentation/Vegetation/ThirdParty/SprucePack/Source/Textures/Spruce_Bark_Normal_V2.tga,75ba11458514ab042a5989225c9e5a3c,Normal Map,Vegetation,False,True,Asset or .meta has a concurrent working-tree change.
Assets/Game/Presentation/Vegetation/ThirdParty/SprucePack/Source/Textures/Spruce_Billboard_Base_Color.tga,af6be37547ed2c549a6a2a69b89725eb,Base Color / Albedo,Vegetation,False,True,Asset or .meta has a concurrent working-tree change.
Assets/Game/Presentation/Vegetation/ThirdParty/SprucePack/Source/Textures/Spruce_Billboard_Normal.tga,772a1b555bcd3ed46aece2c304719e0f,Normal Map,Vegetation,False,True,Asset or .meta has a concurrent working-tree change.
Assets/Game/Presentation/Vegetation/ThirdParty/SprucePack/Source/Textures/Spruce_Branch_Albedo.tga,cb58f30dcf5b99048b7133c8f823c90e,Alpha Mask / Cutout,Vegetation,False,True,Asset or .meta has a concurrent working-tree change.
Assets/Game/Presentation/Vegetation/ThirdParty/SprucePack/Source/Textures/Spruce_Branch_ARM.tga,6283f2324a3d8e64ba021c6717143ed6,Alpha Mask / Cutout,Vegetation,False,True,Asset or .meta has a concurrent working-tree change.
Assets/Game/Presentation/Vegetation/ThirdParty/SprucePack/Source/Textures/Spruce_Branch_Normal.tga,e1eb2dc30de879c4faf04122d631040c,Normal Map,Vegetation,False,True,Asset or .meta has a concurrent working-tree change.
Assets/Game/Presentation/Vegetation/ThirdParty/SprucePack/Source/Textures/Spruce_Branch_Opacity.png,7a7d0c3048e28f746972e6a3e491872d,Alpha Mask / Cutout,Vegetation,False,True,Asset or .meta has a concurrent working-tree change.
Assets/Game/Presentation/Vegetation/ThirdParty/SprucePack/Source/Textures/Spruce_Branch_Roughness.tga,c56957e057f106d4d829c65dc7ceba2e,Roughness,Vegetation,False,True,Asset or .meta has a concurrent working-tree change.
Assets/Game/UI/Presentation/Content/MainMenu/M08A_MenuLogo.png,5c8bc6c8574ac974bbc58d4a8ca6dc85,Unknown / Manual Review,UI,False,True,Approved 08A UI reference-lock asset; concurrent local edit present. | No authoritative Unity/material classification was found. | Asset or .meta has a concurrent working-tree change.
Assets/Game/UI/Presentation/Content/MainMenu/M08A_TemporaryGarageBackdrop.png,97fb9a0a46d3b264e90d602527e24ec1,Unknown / Manual Review,UI,False,False,No authoritative Unity/material classification was found.
Assets/Game/World/Content/Vegetation/Masks/cell_0_0_VegetationDensity.png,41f085351ddacdc47a75ec30775b2130,Alpha Mask / Cutout,Vegetation;World,False,True,Asset or .meta has a concurrent working-tree change.
Assets/Game/World/Content/Vegetation/Masks/cell_0_1_VegetationDensity.png,ffeabf27cb3d4f0409bb5c0453af80e2,Alpha Mask / Cutout,Vegetation;World,False,True,Asset or .meta has a concurrent working-tree change.
Assets/Game/World/Content/Vegetation/Masks/cell_0__1_VegetationDensity.png,c8358161876f6ad4b8256326fdf521a8,Alpha Mask / Cutout,Vegetation;World,False,True,Asset or .meta has a concurrent working-tree change.
Assets/Game/World/Content/Vegetation/Masks/cell_0__2_VegetationDensity.png,4e33aa89aa8c4164f86d6275c392177a,Alpha Mask / Cutout,Vegetation;World,False,True,Asset or .meta has a concurrent working-tree change.
Assets/Game/World/Content/Vegetation/Masks/cell_0__3_VegetationDensity.png,83bd406b019888649b11cc21bd00d5ec,Alpha Mask / Cutout,Vegetation;World,False,True,Asset or .meta has a concurrent working-tree change.
Assets/Game/World/Content/Vegetation/Masks/cell_0__4_VegetationDensity.png,d8ccb98dc6147554c8325041f243d0ec,Alpha Mask / Cutout,Vegetation;World,False,True,Asset or .meta has a concurrent working-tree change.
Assets/Game/World/Content/Vegetation/Masks/cell_0__5_VegetationDensity.png,8092bc7cc7a9c8e438861648bbab2082,Alpha Mask / Cutout,Vegetation;World,False,True,Asset or .meta has a concurrent working-tree change.
Assets/Game/World/Content/Vegetation/Masks/cell_1_0_VegetationDensity.png,27f57b7b846da2542a3673c67a739cd9,Alpha Mask / Cutout,Vegetation;World,False,True,Asset or .meta has a concurrent working-tree change.
Assets/Game/World/Content/Vegetation/Masks/cell_1_1_VegetationDensity.png,af3dad46af3faa64fa5d66f06f7abf02,Alpha Mask / Cutout,Vegetation;World,False,True,Asset or .meta has a concurrent working-tree change.
Assets/Game/World/Content/Vegetation/Masks/cell_1_2_VegetationDensity.png,86200e64db30f284f8ef8583fe302bce,Alpha Mask / Cutout,Vegetation;World,False,True,Asset or .meta has a concurrent working-tree change.
Assets/Game/World/Content/Vegetation/Masks/cell_1__3_VegetationDensity.png,a8e209602b0cb2e4ab21c939dc3efaa0,Alpha Mask / Cutout,Vegetation;World,False,True,Asset or .meta has a concurrent working-tree change.
Assets/Game/World/Content/Vegetation/Masks/cell_1__5_VegetationDensity.png,ab39b84dd1363bb4ebe6be10f59615c6,Alpha Mask / Cutout,Vegetation;World,False,True,Asset or .meta has a concurrent working-tree change.
Assets/Game/World/Content/Vegetation/Masks/cell_2__1_VegetationDensity.png,39f4a2347dc1a7c45be3b2aff9c02645,Alpha Mask / Cutout,Vegetation;World,False,True,Asset or .meta has a concurrent working-tree change.
Assets/Game/World/Content/Vegetation/Masks/cell_2__2_VegetationDensity.png,bcd6ffcd49f0dce4cb7d4516c3cd8aed,Alpha Mask / Cutout,Vegetation;World,False,True,Asset or .meta has a concurrent working-tree change.
Assets/Game/World/Content/Vegetation/Masks/cell_2__4_VegetationDensity.png,37fc0b672fbd9214eaf627de8c00e21d,Alpha Mask / Cutout,Vegetation;World,False,True,Asset or .meta has a concurrent working-tree change.
Assets/Game/World/Content/Vegetation/Masks/cell_2__5_VegetationDensity.png,04194e4f265cfe24c9fe50fefbad4494,Alpha Mask / Cutout,Vegetation;World,False,True,Asset or .meta has a concurrent working-tree change.
Assets/Game/World/Content/Vegetation/Masks/cell_3_0_VegetationDensity.png,a1ad1308e30859242abac118498eecaf,Alpha Mask / Cutout,Vegetation;World,False,True,Asset or .meta has a concurrent working-tree change.
Assets/Game/World/Content/Vegetation/Masks/cell_3__1_VegetationDensity.png,6e83c5d4d3db93b4f9b6dd44cb792286,Alpha Mask / Cutout,Vegetation;World,False,True,Asset or .meta has a concurrent working-tree change.
Assets/Game/World/Content/Vegetation/Masks/cell_3__2_VegetationDensity.png,7f4fbbeefd4e6a84e8bd9a943cd19738,Alpha Mask / Cutout,Vegetation;World,False,True,Asset or .meta has a concurrent working-tree change.
Assets/Game/World/Content/Vegetation/Masks/cell_3__4_VegetationDensity.png,5405948fa4c10024c8f605aa14dd5494,Alpha Mask / Cutout,Vegetation;World,False,True,Asset or .meta has a concurrent working-tree change.
Assets/Game/World/Content/Vegetation/Masks/cell_3__5_VegetationDensity.png,6b85d4b13a6fdee458a40364a8cbb106,Alpha Mask / Cutout,Vegetation;World,False,True,Asset or .meta has a concurrent working-tree change.
Assets/Game/World/Content/Vegetation/Masks/cell_4_1_VegetationDensity.png,31b6e7eb9f8b96843b87f3f9de93de22,Alpha Mask / Cutout,Vegetation;World,False,True,Asset or .meta has a concurrent working-tree change.
Assets/Game/World/Content/Vegetation/Masks/cell_4__2_VegetationDensity.png,1cd42133421ed20448ef791a35d645e7,Alpha Mask / Cutout,Vegetation;World,False,True,Asset or .meta has a concurrent working-tree change.
Assets/Game/World/Content/Vegetation/Masks/cell_4__3_VegetationDensity.png,6477c3a00bc4fb04cb173ab2f63469e1,Alpha Mask / Cutout,Vegetation;World,False,True,Asset or .meta has a concurrent working-tree change.
Assets/Game/World/Content/Vegetation/Masks/cell_4__4_VegetationDensity.png,0d7510b5c1dc5114696c2412f19082eb,Alpha Mask / Cutout,Vegetation;World,False,True,Asset or .meta has a concurrent working-tree change.
Assets/Game/World/Content/Vegetation/Masks/cell_4__5_VegetationDensity.png,48230fa6683f45b46bc14ae5edd6d238,Alpha Mask / Cutout,Vegetation;World,False,True,Asset or .meta has a concurrent working-tree change.
Assets/Game/World/Content/Vegetation/Masks/cell_5__2_VegetationDensity.png,deb2a70e6b5a5c24aa56be42b899ec34,Alpha Mask / Cutout,Vegetation;World,False,True,Asset or .meta has a concurrent working-tree change.
Assets/Game/World/Content/Vegetation/Masks/cell__1_0_VegetationDensity.png,a03c17decfa5fa346901334af1f71f43,Alpha Mask / Cutout,Vegetation;World,False,True,Asset or .meta has a concurrent working-tree change.
Assets/Game/World/Content/Vegetation/Masks/cell__1_1_VegetationDensity.png,d058eb8b57f859d48bac425bb03cba2f,Alpha Mask / Cutout,Vegetation;World,False,True,Asset or .meta has a concurrent working-tree change.
Assets/Game/World/Content/Vegetation/Masks/cell__1__1_VegetationDensity.png,10ccc989a3638ef4fb634d42d58ec572,Alpha Mask / Cutout,Vegetation;World,False,True,Asset or .meta has a concurrent working-tree change.
Assets/Game/World/Content/Vegetation/Masks/cell__1__2_VegetationDensity.png,80880a8709e17cb45a6b118cf054f000,Alpha Mask / Cutout,Vegetation;World,False,True,Asset or .meta has a concurrent working-tree change.
Assets/Game/World/Content/Vegetation/Masks/cell__1__3_VegetationDensity.png,2d77a02629b27074fbd622072a642c3a,Alpha Mask / Cutout,Vegetation;World,False,True,Asset or .meta has a concurrent working-tree change.
Assets/Game/World/Content/Vegetation/Masks/cell__1__4_VegetationDensity.png,58ac837955cdbf649853976a8e5e17ea,Alpha Mask / Cutout,Vegetation;World,False,True,Asset or .meta has a concurrent working-tree change.
Assets/Game/World/Content/Vegetation/Masks/cell__1__5_VegetationDensity.png,e2f508c1022cbcf40bf688b05bb0db60,Alpha Mask / Cutout,Vegetation;World,False,True,Asset or .meta has a concurrent working-tree change.
Assets/Game/World/Content/Vegetation/Masks/cell__2_0_VegetationDensity.png,7beb110fac9c10e4d999798994c56893,Alpha Mask / Cutout,Vegetation;World,False,True,Asset or .meta has a concurrent working-tree change.
Assets/Game/World/Content/Vegetation/Masks/cell__2_1_VegetationDensity.png,684b8fdd5245cb447ac5d74c73488b6d,Alpha Mask / Cutout,Vegetation;World,False,True,Asset or .meta has a concurrent working-tree change.
Assets/Game/World/Content/Vegetation/Masks/cell__2__2_VegetationDensity.png,bf1022c388ffa6646b4d6619db3210fd,Alpha Mask / Cutout,Vegetation;World,False,True,Asset or .meta has a concurrent working-tree change.
Assets/Game/World/Content/Vegetation/Masks/cell__2__3_VegetationDensity.png,467271050e6b3924997a69aa818317ee,Alpha Mask / Cutout,Vegetation;World,False,True,Asset or .meta has a concurrent working-tree change.
Assets/Game/World/Content/Vegetation/Masks/cell__2__4_VegetationDensity.png,6951d26a9ffe6ad4d9c222d455cc9d2f,Alpha Mask / Cutout,Vegetation;World,False,True,Asset or .meta has a concurrent working-tree change.
Assets/Game/World/Content/Vegetation/Masks/cell__2__5_VegetationDensity.png,ee961cbc76384aa47b3e28fc546dd937,Alpha Mask / Cutout,Vegetation;World,False,True,Asset or .meta has a concurrent working-tree change.
Assets/Game/World/Content/Vegetation/Masks/cell__3_0_VegetationDensity.png,c90fbd3249772764696e793d2e06c4cb,Alpha Mask / Cutout,Vegetation;World,False,True,Asset or .meta has a concurrent working-tree change.
Assets/Game/World/Content/Vegetation/Masks/cell__3__1_VegetationDensity.png,30d35f4e934d12d4ab9d32794586f8a9,Alpha Mask / Cutout,Vegetation;World,False,True,Asset or .meta has a concurrent working-tree change.
Assets/Game/World/Content/Vegetation/Masks/cell__3__2_VegetationDensity.png,860e9de1bf1f8304088228ed24e8927c,Alpha Mask / Cutout,Vegetation;World,False,True,Asset or .meta has a concurrent working-tree change.
Assets/Game/World/Content/Vegetation/Masks/cell__3__3_VegetationDensity.png,110fc955701e4b941807fb901ad71565,Alpha Mask / Cutout,Vegetation;World,False,True,Asset or .meta has a concurrent working-tree change.
Assets/Game/World/Content/Vegetation/Masks/cell__3__4_VegetationDensity.png,616afd3822a43bd4ca5e6d3e5cb5f77f,Alpha Mask / Cutout,Vegetation;World,False,True,Asset or .meta has a concurrent working-tree change.
Assets/Game/World/Content/Vegetation/Masks/cell__4_0_VegetationDensity.png,6ae1d4989bf44ed41879004bbf42db5b,Alpha Mask / Cutout,Vegetation;World,False,True,Asset or .meta has a concurrent working-tree change.
Assets/Game/World/Content/Vegetation/Masks/cell__4_1_VegetationDensity.png,9bbfdd2f6ebb39740877e76d40a81205,Alpha Mask / Cutout,Vegetation;World,False,True,Asset or .meta has a concurrent working-tree change.
Assets/Game/World/Content/Vegetation/Masks/cell__4__1_VegetationDensity.png,a9039b7d5139e23468f60044d05b255d,Alpha Mask / Cutout,Vegetation;World,False,True,Asset or .meta has a concurrent working-tree change.
Assets/Game/World/Content/Vegetation/Masks/cell__4__3_VegetationDensity.png,c58cff691a600a34b9844ac25d336a58,Alpha Mask / Cutout,Vegetation;World,False,True,Asset or .meta has a concurrent working-tree change.
Assets/NatureManufacture Assets/Forest Environment Dynamic Nature/Foliage and Grass/Models/Textures/T_fern_beech_forest_01_BC_M.tga,66f3925eef7750a4e8a6309cea7ba162,Base Color / Albedo,Vegetation,True,True,Asset or .meta has a concurrent working-tree change.
Assets/NatureManufacture Assets/Forest Environment Dynamic Nature/Foliage and Grass/Models/Textures/T_fern_beech_forest_01_MT_AO_SM.tga,02d6ddbf419327245b430554923b9085,HDRP Mask Map,Vegetation,True,True,Asset or .meta has a concurrent working-tree change.
Assets/NatureManufacture Assets/Forest Environment Dynamic Nature/Foliage and Grass/Models/Textures/T_fern_beech_forest_01_N.png,f31a956c97ee87542b7f71bafcd6bac1,Normal Map,Vegetation,True,True,Asset or .meta has a concurrent working-tree change.
Assets/NatureManufacture Assets/Forest Environment Dynamic Nature/Foliage and Grass/Models/Textures/T_fern_beech_forest_01_T.tga,78417a8a61d7e334da977c39b827e969,Alpha Mask / Cutout,Vegetation,True,True,Asset or .meta has a concurrent working-tree change.
Assets/NatureManufacture Assets/Forest Environment Dynamic Nature/Foliage and Grass/Models/Textures/T_grass_beech_forest_01_BC_M.tga,9e29e24fd0262414abec75fd4f12d0f0,Base Color / Albedo,Vegetation,True,True,Asset or .meta has a concurrent working-tree change.
Assets/NatureManufacture Assets/Forest Environment Dynamic Nature/Foliage and Grass/Models/Textures/T_grass_beech_forest_01_MT_AO_SM.tga,67d012a6752cb2b47a6b5b2f97f36dc6,HDRP Mask Map,Vegetation,True,True,Asset or .meta has a concurrent working-tree change.
Assets/NatureManufacture Assets/Forest Environment Dynamic Nature/Foliage and Grass/Models/Textures/T_grass_beech_forest_01_N.png,411e30eecfedf884da59a95cf292ce2a,Normal Map,Vegetation,True,True,Asset or .meta has a concurrent working-tree change.
Assets/NatureManufacture Assets/Forest Environment Dynamic Nature/Foliage and Grass/Models/Textures/T_grass_beech_forest_01_T.tga,1c333f1384b07574888f6498c5ffbe1a,Base Color / Albedo,Vegetation,True,True,Asset or .meta has a concurrent working-tree change.
Assets/NatureManufacture Assets/Forest Environment Dynamic Nature/Foliage and Grass/Models/Textures/T_grass_beech_forest_02_BC_M.tga,6dbe9058e0c62894dbbf95dbfdff6984,Base Color / Albedo,Vegetation,True,True,Asset or .meta has a concurrent working-tree change.
Assets/NatureManufacture Assets/Forest Environment Dynamic Nature/Foliage and Grass/Models/Textures/T_grass_beech_forest_02_MT_AO_SM.tga,a7512b6d967bd96478796722c4bb797a,HDRP Mask Map,Vegetation,True,True,Asset or .meta has a concurrent working-tree change.
Assets/NatureManufacture Assets/Forest Environment Dynamic Nature/Foliage and Grass/Models/Textures/T_grass_beech_forest_02_N.png,1bb667c911bd3474596944d212e7c5c9,Normal Map,Vegetation,True,True,Asset or .meta has a concurrent working-tree change.
Assets/NatureManufacture Assets/Forest Environment Dynamic Nature/Foliage and Grass/Models/Textures/T_grass_beech_forest_02_T.tga,b55e17d8160acc54291634f5042a912d,Alpha Mask / Cutout,Vegetation,True,True,Asset or .meta has a concurrent working-tree change.
Assets/NatureManufacture Assets/Forest Environment Dynamic Nature/Foliage and Grass/Models/Textures/T_grass_beech_forest_03_BC_M.tga,1bae9eb90e3b17344a81f8fd598cc293,Base Color / Albedo,Vegetation,True,True,Asset or .meta has a concurrent working-tree change.
Assets/NatureManufacture Assets/Forest Environment Dynamic Nature/Foliage and Grass/Models/Textures/T_grass_beech_forest_03_MT_AO_SM.tga,998ab74471d0e2e48b780e72c687799b,HDRP Mask Map,Vegetation,True,True,Asset or .meta has a concurrent working-tree change.
Assets/NatureManufacture Assets/Forest Environment Dynamic Nature/Foliage and Grass/Models/Textures/T_grass_beech_forest_03_N.png,76798a4cc54082d47a24935f5793c71a,Normal Map,Vegetation,True,True,Asset or .meta has a concurrent working-tree change.
Assets/NatureManufacture Assets/Forest Environment Dynamic Nature/Foliage and Grass/Models/Textures/T_grass_beech_forest_03_T.tga,c20dec981388e0349a5495a5cdc1740c,Alpha Mask / Cutout,Vegetation,True,True,Asset or .meta has a concurrent working-tree change.
Assets/NatureManufacture Assets/Meadow Environment Dynamic Nature/Bushes/Models/Textures/T_Grey_willow_BC.tga,09433f66e3e024d40aaa1c2e361bb7c5,Base Color / Albedo,Vegetation,True,True,Asset or .meta has a concurrent working-tree change.
Assets/NatureManufacture Assets/Meadow Environment Dynamic Nature/Bushes/Models/Textures/T_Grey_willow_MT_AO_SM.tga,99cd2e3ef79b9b44a8b50154b5b1ca64,HDRP Mask Map,Vegetation,True,True,Asset or .meta has a concurrent working-tree change.
Assets/NatureManufacture Assets/Meadow Environment Dynamic Nature/Bushes/Models/Textures/T_Grey_willow_N.tga,fdffb75f2c5e9de41b37d64081b73049,Normal Map,Vegetation,True,True,Asset or .meta has a concurrent working-tree change.
Assets/NatureManufacture Assets/Meadow Environment Dynamic Nature/Bushes/Models/Textures/T_Grey_willow_TRANS.tga,43b8699627ca1c74788aea3be6cd8f50,Base Color / Albedo,Vegetation,True,True,Asset or .meta has a concurrent working-tree change.
Assets/NatureManufacture Assets/Meadow Environment Dynamic Nature/Bushes/Models/Textures/T_maple_bush_MT_AO_SM.tga,9ccb66d1add79f848abae69177ef8905,Ambient Occlusion,Vegetation;World,True,True,Asset or .meta has a concurrent working-tree change.
Assets/NatureManufacture Assets/Meadow Environment Dynamic Nature/Bushes/Models/Textures/T_Willow_Bush_02_Cross_A_T.png,b2238a88dc29ee0429aeb9ea689be2cf,Base Color / Albedo,Vegetation,True,True,Asset or .meta has a concurrent working-tree change.
Assets/NatureManufacture Assets/Meadow Environment Dynamic Nature/Bushes/Models/Textures/T_Willow_Bush_02_Cross_N.png,6e6a7eea391a10d4f8a8e9e7b31e7767,Normal Map,Vegetation,True,True,Asset or .meta has a concurrent working-tree change.
Assets/NatureManufacture Assets/Meadow Environment Dynamic Nature/Details/Models/Textures/T_detail_meadow_grass_01_A_M.tga,118970ee14c725f4d964f32ee70dea6f,Base Color / Albedo,Vegetation,True,True,Asset or .meta has a concurrent working-tree change.
Assets/NatureManufacture Assets/Meadow Environment Dynamic Nature/Details/Models/Textures/T_detail_meadow_grass_01_AO_SM.tga,fef5d08970dcd0842a3c6baa5371ea9e,HDRP Mask Map,Vegetation,True,True,Asset or .meta has a concurrent working-tree change.
Assets/NatureManufacture Assets/Meadow Environment Dynamic Nature/Details/Models/Textures/T_detail_meadow_grass_01_N.png,5dfa928cbada5a94d806b9c565e941d5,Normal Map,Vegetation,True,True,Asset or .meta has a concurrent working-tree change.
Assets/NatureManufacture Assets/Meadow Environment Dynamic Nature/Details/Models/Textures/T_detail_meadow_grass_02_A_M.tga,9db1a1b76a8453d43b818d5e4ffc9f38,Base Color / Albedo,Vegetation,True,True,Asset or .meta has a concurrent working-tree change.
Assets/NatureManufacture Assets/Meadow Environment Dynamic Nature/Details/Models/Textures/T_detail_meadow_grass_02_AO_SM.tga,40e153426f7a9d34d84918f9fc93f44d,HDRP Mask Map,Vegetation,True,True,Asset or .meta has a concurrent working-tree change.
Assets/NatureManufacture Assets/Meadow Environment Dynamic Nature/Details/Models/Textures/T_detail_meadow_grass_02_N.png,ba4535cc893235846b9376f0215fbda1,Normal Map,Vegetation,True,True,Asset or .meta has a concurrent working-tree change.
Assets/NatureManufacture Assets/Meadow Environment Dynamic Nature/Grass/Models/Textures/T_grass_meadow_01_A_M.tga,30fe5bf2a74482243a9f79807c492dfb,Base Color / Albedo,Vegetation,True,True,Asset or .meta has a concurrent working-tree change.
Assets/NatureManufacture Assets/Meadow Environment Dynamic Nature/Grass/Models/Textures/T_grass_meadow_01_AO_SM.tga,3c69e2cc8f479c544902360b3052677c,HDRP Mask Map,Vegetation,True,True,Asset or .meta has a concurrent working-tree change.
Assets/NatureManufacture Assets/Meadow Environment Dynamic Nature/Grass/Models/Textures/T_grass_meadow_01_N.png,a98c1ce788ade8c4da6617a8c9c88cbe,Normal Map,Vegetation,True,True,Asset or .meta has a concurrent working-tree change.
Assets/NatureManufacture Assets/Meadow Environment Dynamic Nature/Grass/Models/Textures/T_grass_meadow_01_T.tga,56bee3a72466e8644ad9efabcb873bb8,Base Color / Albedo,Vegetation,True,True,Asset or .meta has a concurrent working-tree change.
Assets/NatureManufacture Assets/Meadow Environment Dynamic Nature/Grass/Models/Textures/T_grass_meadow_02_A_M.tga,e6cae90bb46c30e4b9237b53690d629b,Base Color / Albedo,Vegetation,True,True,Asset or .meta has a concurrent working-tree change.
Assets/NatureManufacture Assets/Meadow Environment Dynamic Nature/Grass/Models/Textures/T_grass_meadow_02_AO_SM.tga,3dc2b9bbd07f6774ea5f077d4337b74b,HDRP Mask Map,Vegetation,True,True,Asset or .meta has a concurrent working-tree change.
Assets/NatureManufacture Assets/Meadow Environment Dynamic Nature/Grass/Models/Textures/T_grass_meadow_02_N.png,a3e8234d5ec848f41be9cb0263d0bdd9,Normal Map,Vegetation,True,True,Asset or .meta has a concurrent working-tree change.
Assets/NatureManufacture Assets/Meadow Environment Dynamic Nature/Grass/Models/Textures/T_grass_meadow_02_T.tga,eeadce77e3a7819448e287b5a4cea291,Base Color / Albedo,Vegetation,True,True,Asset or .meta has a concurrent working-tree change.
Assets/Tree_Textures/diffuse.png,338476b67d4c6ee4da29f47bbbed5406,Base Color / Albedo,Vegetation,False,True,Asset or .meta has a concurrent working-tree change.
Assets/Tree_Textures/normal_specular.png,1c26b9657eae8024297dad3a5088c8b5,Alpha Mask / Cutout,Vegetation,False,True,Asset or .meta has a concurrent working-tree change.
Assets/Tree_Textures/shadow.png,7e2548b992a17ac40aacd920d9f86834,Unknown / Manual Review,Vegetation,False,True,No authoritative Unity/material classification was found. | Asset or .meta has a concurrent working-tree change.
Assets/Tree_Textures/translucency_gloss.png,965793655601c44438e723e0668aa55f,Alpha Mask / Cutout,Vegetation,False,True,Asset or .meta has a concurrent working-tree change.
Assets/TutorialInfo/Icons/HDRP.png,d19680cd422524695938fbe55cc3b3bd,Unknown / Manual Review,Unassigned,False,False,No authoritative Unity/material classification was found.
Assets/TutorialInfo/Icons/Help_Icon.png,9266273b8f123004195741f969177dda,Unknown / Manual Review,Unassigned,False,False,No authoritative Unity/material classification was found.
Assets/Wwise/API/Editor/WwiseWindows/BrowserIcon.png,592b8e6163baf234eaec97c1c8fb4662,Unknown / Manual Review,Unassigned,True,False,No authoritative Unity/material classification was found.
Assets/Wwise/API/Editor/WwiseWindows/BrowserIcons/GraphNode_CollapseAll.png,8eb96b44bfc88614591a1f48264a5aeb,Unknown / Manual Review,Unassigned,True,False,No authoritative Unity/material classification was found.
Assets/Wwise/API/Editor/WwiseWindows/BrowserIcons/GraphNode_ExpandAll.png,a34c2a27267bce94c84b66bc30fa338d,Unknown / Manual Review,Unassigned,True,False,No authoritative Unity/material classification was found.
Assets/Wwise/API/Editor/WwiseWindows/TreeViewIcons/acoustictexture_nor.png,0eb5937ff37fa3d44b97bdf4bd1be8e7,Normal Map,Vegetation,True,False,
Assets/Wwise/API/Editor/WwiseWindows/TreeViewIcons/auxbus_nor.png,7abf25301ac59fe4fa15beee2ecb55a1,Normal Map,Vegetation,True,False,
Assets/Wwise/API/Editor/WwiseWindows/TreeViewIcons/blank.png,b09ca9617efd89249aa5c7f6ad2a3774,Alpha Mask / Cutout,Vegetation,True,False,
Assets/Wwise/API/Editor/WwiseWindows/TreeViewIcons/bus_nor.png,75cf48d081f352d4b899c4c5caddb42e,Normal Map,Vegetation,True,False,
Assets/Wwise/API/Editor/WwiseWindows/TreeViewIcons/event_nor.png,07e6d6b2070967e418ac0afe39fc50df,Normal Map,Vegetation,True,False,
Assets/Wwise/API/Editor/WwiseWindows/TreeViewIcons/folder_nor.png,a7c95133b0c25f74fae906d65ac3e209,Normal Map,Vegetation,True,False,
Assets/Wwise/API/Editor/WwiseWindows/TreeViewIcons/gameparameter_nor.png,b95326e32f1bc2741a41c0d1dd304073,Normal Map,Vegetation,True,False,
Assets/Wwise/API/Editor/WwiseWindows/TreeViewIcons/physical_folder_nor.png,fe3c7f468dafbbf499260e08ea7a23ee,Normal Map,Vegetation,True,False,
Assets/Wwise/API/Editor/WwiseWindows/TreeViewIcons/soundbank_nor.png,7085b3257ba124144929a5db4f89f456,Normal Map,Vegetation,True,False,
Assets/Wwise/API/Editor/WwiseWindows/TreeViewIcons/state_nor.png,afde0180fbfda614087d0ac255baa1bb,Normal Map,Vegetation,True,False,
Assets/Wwise/API/Editor/WwiseWindows/TreeViewIcons/stategroup_nor.png,b5135ddcbd2e3914bab30f4cff19f53c,Normal Map,Vegetation,True,False,
Assets/Wwise/API/Editor/WwiseWindows/TreeViewIcons/switch_nor.png,84411d5fc50e89041bc2e4a3e169a607,Normal Map,Vegetation,True,False,
Assets/Wwise/API/Editor/WwiseWindows/TreeViewIcons/switchgroup_nor.png,8eb8323904875a3448ab9d28e712cac1,Normal Map,Vegetation,True,False,
Assets/Wwise/API/Editor/WwiseWindows/TreeViewIcons/trigger_nor.png,735a405a7924a3443b5ed9c517ec2012,Normal Map,Vegetation,True,False,
Assets/Wwise/API/Editor/WwiseWindows/TreeViewIcons/workunit_nor.png,d62ff821fde769a4ba0ec3958c02a761,Normal Map,Vegetation,True,False,
Assets/Wwise/API/Editor/WwiseWindows/TreeViewIcons/wproj.png,52e4c644f280b8044a22569a472eafa7,Alpha Mask / Cutout,Vegetation,True,False,
Assets/Wwise/Gizmos/wwise_white_on_gray.png,7bfb63faec67a734ea86144dbe22306c,Unknown / Manual Review,Unassigned,True,False,No authoritative Unity/material classification was found.
Assets/Wwise/Gizmos/WwiseAudioSpeaker.png,442a223ef0dde2d489168090cb1f9e1a,Unknown / Manual Review,Unassigned,True,False,No authoritative Unity/material classification was found.
