"SourceRelativePath","SourceObjectOrSymbol","SourceHash","Type","Classification","DestinationPath","Status","Dependencies","ToolVersion","KnownDifferences","Notes"
"mysummercar.exe","Unity 5.0.0f4 player","ffc59ccbf20af4dff5c1406a434f616893ad2242be879b215e17debe0da1c0b0","Executable","Rejected","","InventoriedNoTransfer","Legacy Unity runtime; Steam platform integration","PowerShell 5.1 file inventory","New runtime must be independent Unity 6 project","Hash/reference only; never use as a runtime component"
"mysummercar_Data\mainData","Scene list: SplashScreen; MainMenu; Intro; GAME; Ending","bdeb2298a71b45bcce81d1d91e6f3fde5c8954b5b76f88535de8fe17bdd66931","SerializedData","BehavioralReference","","Inventoried","level0-level3; shared assets; PlayMaker","PowerShell 5.1 header/string inspection","Scene-to-level mapping not established","No asset export performed"
"mysummercar_Data\level0","Serialized scene file","0da8800d7ef65dd9a368ab878443e8a84e77e99ac167d7945ed29c22c324d130","SerializedScene","ReferenceOnly","","InventoriedBlockedOnControlledAssetTool","mainData; shared assets","PowerShell 5.1 file inventory","Scene identity and contents unknown","External staging only when an approved controlled inventory exists"
"mysummercar_Data\level1","Serialized scene file","aa37a88817372a44137fe8813a82ae43ebf8ada526a6eb2ad1d143147de596b0","SerializedScene","ReferenceOnly","","InventoriedBlockedOnControlledAssetTool","mainData; shared assets","PowerShell 5.1 file inventory","Scene identity and contents unknown","External staging only when an approved controlled inventory exists"
"mysummercar_Data\level2","Serialized scene file","39e5c8f38edd83652325b403e06449eb6fe4e5c588e4dad2bf04b5c9ff406c31","SerializedScene","ReferenceOnly","","InventoriedBlockedOnControlledAssetTool","mainData; shared assets","PowerShell 5.1 file inventory","Largest level file but scene/world identity is unproven","Potential world-layout source after mapping"
"mysummercar_Data\level3","Serialized scene file","334667c90459c78869b18ba32e4d945f532e1c3f644ac3f33b067a3602b73642","SerializedScene","ReferenceOnly","","InventoriedBlockedOnControlledAssetTool","mainData; shared assets","PowerShell 5.1 file inventory","Scene identity and contents unknown","External staging only when an approved controlled inventory exists"
"mysummercar_Data\resources.assets","Unity resource container","292106e4f021b1214ea7d4213763ad25d1073233945ccbd38c5528c24f1d29e1","SerializedAssets","ReferenceOnly","","Inventoried","sharedassets0; sharedassets2; sharedassets3","PowerShell 5.1 header inspection","Object/type inventory unavailable","No extraction performed"
"mysummercar_Data\sharedassets0.assets","Unity shared assets","cb4c806ba1be6f6b9d46579e9907c77d64c60e515da71e5df749eaa159edad97","SerializedAssets","ReferenceOnly","","Inventoried","serialized scenes; resource streams","PowerShell 5.1 file inventory","Object/type inventory unavailable","Pre-existing derived tree suggests textures but is not authoritative"
"mysummercar_Data\sharedassets1.assets","Unity shared assets","8f0a0984f4e55229ecaebb57ef931b052f56998b9569a32e013780aa9dc78e02","SerializedAssets","ReferenceOnly","","Inventoried","serialized scenes; sharedassets1.resource","PowerShell 5.1 file inventory","Object/type inventory unavailable","Pre-existing derived tree suggests textures and sounds but is not authoritative"
"mysummercar_Data\sharedassets2.assets","Unity shared assets","a90f2ddca72bf25b691f54565a808ceabae34af2392bbbc72b9d8eb5d447608f","SerializedAssets","ReferenceOnly","","Inventoried","serialized scenes; sharedassets2.resource","PowerShell 5.1 file inventory","Object/type inventory unavailable","Pre-existing derived tree suggests textures but is not authoritative"
"mysummercar_Data\sharedassets3.assets","Unity shared assets","1e956c8acd9f3c075b2e4eece3d836228eeb3ad0a18ae41ad1ca6aedb3c9d684","SerializedAssets","ReferenceOnly","","InventoriedHashed","serialized scenes; sharedassets3.resource","PowerShell 5.1 SHA-256 inventory; Milestone 2 controlled proof","Object/type inventory remains incomplete; hash is canonical for the audited local donor container.","533373096 bytes; SHA-256 confirmed before controlled proof extraction"
"mysummercar_Data\sharedassets3.resource","Unity shared resource stream","","ResourceStream","ReferenceOnly","","InventoriedHashDeferred","sharedassets3.assets","PowerShell 5.1 file inventory","Object/type inventory unavailable","625805147 bytes; not hashed under 256 MiB lightweight threshold"
"mysummercar_Data\sharedassets4.assets","Unity shared assets","17132def711445c14ffcc5987aececeee15645c73ef4c2b87f9d58e86f262a49","SerializedAssets","ReferenceOnly","","Inventoried","serialized scenes; sharedassets4.resource","PowerShell 5.1 file inventory","Object/type inventory unavailable","No extraction performed"
"mysummercar_Data\Unity_Assets_Files\","Pre-existing extracted textures and sounds","","DerivedExtraction","Rejected","","RejectedPendingCleanComparison","Unknown prior extractor; core shared assets","Filesystem metadata only","Located inside donor install and provenance is not clean","Not created by this task; do not import or treat as authoritative"
"mysummercar_Data\Managed\Assembly-CSharp.dll","SimpleSmoothMouseLook; SmoothMouseLook; WherePlayerIsLooking","10b25ae12fd1fd563c15f42a47e92f9dfa405d3d5355c7ec97da160b1c7c864f","ManagedCode","BehavioralReference","","Inventoried","UnityEngine; cInput; PlayMaker; serialized scenes","PowerShell 5.1 reflection-only metadata","Bodies and configuration not inspected","Player/input behavior should be reimplemented"
"mysummercar_Data\Managed\Assembly-CSharp.dll","Clutch.GetDragImpulse; GetClutchPosition; SetClutchPosition","10b25ae12fd1fd563c15f42a47e92f9dfa405d3d5355c7ec97da160b1c7c864f","ManagedCode","BehavioralReference","","CandidateForIsolatedReview","Drivetrain; timestep; engine and wheel angular velocity","PowerShell 5.1 reflection-only metadata","Method bodies and units unknown","Potential pure-code candidate; not CodePorted"
"mysummercar_Data\Managed\Assembly-CSharp.dll","Drivetrain.CalcEngineTorque*; CalcEnginePower; CalcClutchTorque","10b25ae12fd1fd563c15f42a47e92f9dfa405d3d5355c7ec97da160b1c7c864f","ManagedCode","BehavioralReference","","CandidateForIsolatedReview","UnityEngine MonoBehaviour; Clutch; Wheel; Axle; fuel; physics tick","PowerShell 5.1 reflection-only metadata","Large stateful controller; bodies and units unknown","Review formulas only; reimplement orchestration"
"mysummercar_Data\Managed\Assembly-CSharp.dll","Wheel tire; slip; suspension and force methods","10b25ae12fd1fd563c15f42a47e92f9dfa405d3d5355c7ec97da160b1c7c864f","ManagedCode","BehavioralReference","","CandidateForIsolatedReview","UnityEngine physics; CarDynamics; Axle; Drivetrain; surfaces","PowerShell 5.1 reflection-only metadata","Legacy contact and timestep assumptions unknown","Do not claim deterministic PhysX parity"
"mysummercar_Data\Managed\Assembly-CSharp.dll","Axle; TireParameters coefficient fields","10b25ae12fd1fd563c15f42a47e92f9dfa405d3d5355c7ec97da160b1c7c864f","Configuration","BehavioralReference","","CandidateForConfigurationStudy","Wheel; vehicle variants; units","PowerShell 5.1 reflection-only metadata","Values and applicability not extracted","Not ConfigurationTransferred"
"mysummercar_Data\Managed\Assembly-CSharp.dll","CarDamage; CarDamage2; Repair","10b25ae12fd1fd563c15f42a47e92f9dfa405d3d5355c7ec97da160b1c7c864f","ManagedCode","BehavioralReference","","Inventoried","Unity collisions; meshes; save/FSM state","PowerShell 5.1 reflection-only metadata","Presentation and state coupling unresolved","Reimplement damage state and reauthor presentation"
"mysummercar_Data\Managed\Assembly-CSharp.dll","UniqueSaveManager.Save; LoadObject; SaveObject","10b25ae12fd1fd563c15f42a47e92f9dfa405d3d5355c7ec97da160b1c7c864f","ManagedCode","BehavioralReference","","InventoriedBlockedOnFormatStudy","ES2; scene objects; LocalLow files","PowerShell 5.1 reflection-only metadata","Save schema and failure behavior unknown","Native remake saves require versioned DTOs and stable IDs"
"mysummercar_Data\Managed\Assembly-CSharp.dll","MasterAudio; EventSounds; SoundController","10b25ae12fd1fd563c15f42a47e92f9dfa405d3d5355c7ec97da160b1c7c864f","ManagedCode","BehavioralReference","","Inventoried","Unity Audio; serialized clips; FSM events","PowerShell 5.1 reflection-only metadata","Event map and routing unknown","Final audio will be reauthored behind IAudioBackend"
"mysummercar_Data\Managed\PlayMaker.dll","PlayMaker runtime","6cf097d27fafcd0717a65c6d9f8cbfd62ae88bb94e788c62e198da1a3015e95d","ManagedAssembly","Rejected","","WillNotPortAsRuntimeDependency","Assembly-CSharp actions; serialized FSMs","PowerShell 5.1 file and reflection metadata","New runtime will use explicit project-owned systems","Use FSMs only as behavioral reference"
"mysummercar_Data\Managed\cInput.dll","Legacy input runtime","0ae18596ad5aa5cfbcbd99cb720743195afbd81e65dd596b10264089ed7413c3","ManagedAssembly","Rejected","","WillNotPortAsRuntimeDependency","Player/UI PlayMaker actions","PowerShell 5.1 file inventory","Replaced by Unity Input System","Input mappings may be behavioral reference"
"mysummercar_Data\Managed\ES2.dll","Legacy save serializer","863733f06a0d988f9e71db3a5d7cf5db5de8108b40f106f5673d303018b02d24","ManagedAssembly","BehavioralReference","","BlockedOnSaveFormatStudy","MoodkieSecurity; scene/FSM save keys","PowerShell 5.1 file inventory","Not the native remake format","Do not reference from Unity 6 runtime"
"mysummercar_Data\Managed\HOTween.dll","Legacy tween runtime","5fb49968532a8ebe246c6573fffa74a20614f5a63a209915f84487dd0ced706d","ManagedAssembly","Rejected","","WillNotPortAsRuntimeDependency","Animation and presentation scripts","PowerShell 5.1 file inventory","New presentation/motion implementation required","Timing behavior may be captured selectively"
"mysummercar_Data\Managed\UnityEngine.dll","Donor Unity runtime assembly","","ManagedAssembly","Rejected","","WillNotPortAsRuntimeDependency","All donor managed code","PowerShell 5.1 file inventory","New project uses Unity 6000.3.11f1 assemblies","Explicitly prohibited runtime reference"
"mysummercar_Data\Plugins\CSteamworks.dll","Steam native integration","10579a40a2a7d7353fe406953930b488bb452a3567e1a6ef3ea5d0e4e540a749","NativePlugin","Rejected","","WillNotPort","Steam platform and ownership","PowerShell 5.1 file inventory","Not required by independent runtime","Do not inspect or transfer licensing/authentication logic"
"mysummercar_Data\Plugins\LogitechSteeringWheel.dll","Legacy wheel integration","","NativePlugin","Rejected","","InventoriedNoTransfer","Legacy controller integration","PowerShell 5.1 file inventory","Input support must use approved modern integration","No native plugin copy"
"mysummercar_Data\Plugins\UnityForceFeedback.dll","Legacy force feedback integration","","NativePlugin","Rejected","","InventoriedNoTransfer","Legacy controller and physics code","PowerShell 5.1 file inventory","Input support must use approved modern integration","No native plugin copy"
"mysummercar_Data\sharedassets*.assets","Milestone 2 environment proof mesh selection unresolved","","Mesh","Rejected","Assets/Game/LegacyImport/ReferenceOnly/ControlledProof/Environment/","SupersededByReviewedSelection","Serialized asset container; object inventory; source hash","msc-controlled-donor-import 2.0.0","Historical placeholder; not a transferred donor item","Superseded by record m2-environment-garage-shed-roof with exact container/object/hash provenance"
"mysummercar_Data\sharedassets*.assets","Milestone 2 vehicle-part proof mesh selection unresolved","","Mesh","Rejected","Assets/Game/LegacyImport/ReferenceOnly/ControlledProof/Vehicle/","SupersededByReviewedSelection","Serialized asset container; object inventory; source hash; mount measurement","msc-controlled-donor-import 2.0.0","Historical placeholder; not a transferred donor item","Superseded by record m2-vehicle-drum-brake-rear with exact container/object/hash provenance"
"mysummercar_Data/sharedassets3.assets","garage_shed_roof (Mesh PathID 2186; level2 GameObject PathID 1064)","1e956c8acd9f3c075b2e4eece3d836228eeb3ad0a18ae41ad1ca6aedb3c9d684","Mesh","ReferenceOnly","Assets/Game/LegacyImport/ReferenceOnly/ControlledProof/Environment/garage_shed_roof_reference.obj","ImportedReference","raw/controlled-proof/environment/sharedassets3_2186_garage_shed_roof.glb sha256 ca523ca0c30af281a783fa66b82aff76f4de8d374dafc6b40bad9407697f05a1; raw/controlled-proof/environment/level2_37122_garage_shed_roof.transform.json sha256 7d99fab8f6c58f7b418d063a48cac4553a5b643aeca80aadaca3c7f51352299b; normalized/controlled-proof/environment/garage_shed_roof_reference.metadata.json","AssetRipper+msc-glb-to-obj 1.3.14+1.0.0; pipeline 2.0.0","Reference-only donor data; production replacement must remain independent.","Reference-only roof mesh. Donor local transform is identity. Bounds and pivot are recorded in the normalized metadata sidecar; original material and textures are not transferred."
"mysummercar_Data/sharedassets1.assets","drum_brake_rear (Mesh PathID 125; level3 GameObject PathID 123)","8f0a0984f4e55229ecaebb57ef931b052f56998b9569a32e013780aa9dc78e02","Mesh","ReferenceOnly","Assets/Game/LegacyImport/ReferenceOnly/ControlledProof/Vehicle/drum_brake_rear_reference.obj","ImportedReference","raw/controlled-proof/vehicle/sharedassets1_125_drum_brake_rear.glb sha256 b0259df7673e185fd80313c615f55c0094e06445c5068749743d04a640c318d5; raw/controlled-proof/vehicle/level3_496_drum_brake_rear.transform.json sha256 b37113785e02d59962c1bd252acfc703ccd0f88c18cc5dd124deac2e39905ce0; normalized/controlled-proof/vehicle/drum_brake_rear_reference.metadata.json","AssetRipper+msc-glb-to-obj 1.3.14+1.0.0; pipeline 2.0.0","Reference-only donor data; production replacement must remain independent.","Reference-only brake drum mesh. Donor local pivot is retained at the mesh origin; the selected scene transform is a 180-degree Z rotation. Mount proof uses the project-owned HubAxis at donor local origin. Original material and textures are not transferred."
"mysummercar_Data/sharedassets3.assets","garage_shed_roof (Mesh PathID 2186; level2 GameObject PathID 1064) replacement","1e956c8acd9f3c075b2e4eece3d836228eeb3ad0a18ae41ad1ca6aedb3c9d684","Prefab/Mesh","ReauthoredGeometry","Assets/Game/World/Content/Proof/ReauthoredGarageShedRoof.prefab","ReplacementReady","Assets/Game/LegacyImport/ReferenceOnly/ControlledProof/Environment/garage_shed_roof_reference.obj","MSC ControlledProofAssetBuilder 1.0.0","Pitched roof approximation; donor material omitted.","Project-authored controlled proof with preserved local pivot; donor geometry is not referenced."
"mysummercar_Data/sharedassets1.assets","drum_brake_rear (Mesh PathID 125; level3 GameObject PathID 123) replacement","8f0a0984f4e55229ecaebb57ef931b052f56998b9569a32e013780aa9dc78e02","Prefab/Mesh","ReauthoredGeometry","Assets/Game/Vehicle/Content/Proof/ReauthoredRearBrakeDrum.prefab","ReplacementReady","Assets/Game/LegacyImport/ReferenceOnly/ControlledProof/Vehicle/drum_brake_rear_reference.obj","MSC ControlledProofAssetBuilder 1.0.0","Simplified cylindrical proof mesh; internal brake detail omitted.","Project-authored controlled proof with preserved local pivot; donor geometry is not referenced."
"ProjectAuthored/Milestone02","ControlledProofPaint","","Material","ReauthoredMaterial","Assets/Game/Presentation/Materials/Proof/ControlledProofPaint.mat","ControlledProofReady","","MSC ControlledProofAssetBuilder 1.0.0","Procedural proof asset; art-direction replacement is expected in a production art milestone.","Contains no donor texture pixels or donor material data."
"ProjectAuthored/Milestone02","ControlledProofPaint_BaseColor","","Texture2D","ReauthoredTexture","Assets/Game/Presentation/Materials/Proof/Textures/ControlledProofPaint_BaseColor.png","ControlledProofReady","","MSC ControlledProofAssetBuilder 1.0.0","Procedural proof asset; art-direction replacement is expected in a production art milestone.","Contains no donor texture pixels or donor material data."
"ProjectAuthored/Milestone02","ControlledProofPaint_Normal","","Texture2D","ReauthoredTexture","Assets/Game/Presentation/Materials/Proof/Textures/ControlledProofPaint_Normal.png","ControlledProofReady","","MSC ControlledProofAssetBuilder 1.0.0","Procedural proof asset; art-direction replacement is expected in a production art milestone.","Contains no donor texture pixels or donor material data."
"ProjectAuthored/Milestone02","ControlledProofPaint_Mask","","Texture2D","ReauthoredTexture","Assets/Game/Presentation/Materials/Proof/Textures/ControlledProofPaint_Mask.png","ControlledProofReady","","MSC ControlledProofAssetBuilder 1.0.0","Procedural proof asset; art-direction replacement is expected in a production art milestone.","Contains no donor texture pixels or donor material data."
"mysummercar_Data/sharedassets3.assets","garage_shed_roof bounds/pivot -> M3 garage roof","1e956c8acd9f3c075b2e4eece3d836228eeb3ad0a18ae41ad1ca6aedb3c9d684","Prefab/Mesh","ReauthoredGeometry","Assets/Game/World/Content/GaragePrototype/Prefabs/M3_GarageRoof.prefab","PrototypeReady","Assets/Game/LegacyImport/ReferenceOnly/ControlledProof/Environment/garage_shed_roof_reference.obj; Assets/Game/LegacyImport/Manifests/M3_GarageScalePivotRecord.asset","MSC GaragePrototypeAssetBuilder 1.0.0","Coordinate axes mapped donor (X,Y,Z) to production (X,Z,Y); geometry fully rebuilt.","Bounds and zero pivot match the reviewed donor roof within 0.005 m."
"mysummercar_Data/sharedassets3.assets","garage shed layout -> M3 production garage shell","1e956c8acd9f3c075b2e4eece3d836228eeb3ad0a18ae41ad1ca6aedb3c9d684","Prefab","ReauthoredGeometry","Assets/Game/World/Content/GaragePrototype/Prefabs/M3_GarageShell.prefab","PrototypeReady","Assets/Game/World/Content/GaragePrototype/Prefabs/M3_GarageRoof.prefab","MSC GaragePrototypeAssetBuilder 1.0.0","Only roof extents are donor-validated; wall openings and modular construction are reconstructed.","Production shell contains rebuilt doors, window, structure, collision and roof LODs."
"project-authored","Milestone 3 reusable HDRP material library","","MaterialLibrary","ReauthoredMaterial","Assets/Game/Presentation/Materials/GaragePrototype","PrototypeReady","Assets/Game/Presentation/Materials/GaragePrototype/Textures","MSC GaragePrototypeAssetBuilder 1.0.0","Procedural 128 px prototype textures require later authored high-resolution replacements.","HDRP mask packing: R metallic, G ambient occlusion, B detail mask, A smoothness."
"project-authored","Milestone 3 PBR texture sets","","TextureSet","ReauthoredTexture","Assets/Game/Presentation/Materials/GaragePrototype/Textures","PrototypeReady","none","MSC GaragePrototypeAssetBuilder 1.0.0","Procedural prototype detail; no donor pixels used.","Each material has BaseColor, tangent-space Normal and HDRP Mask maps."
"donor world relationship (behavioral reference; route geometry not extracted)","nearby rural road segment","","Prefab/Mesh","Reimplemented","Assets/Game/World/Content/GaragePrototype/Prefabs/M3_RoadSegment.prefab","PrototypeReady","Assets/Game/World/Content/GaragePrototype/Prefabs/M3_TerrainPatch.prefab","MSC GaragePrototypeAssetBuilder 1.0.0","180 m prototype curve is not claimed as donor-exact centerline or elevation.","Layered gravel surface and shoulder use rebuilt meshes, collision and two LODs."
"mysummercar_Data/sharedassets3.assets","Milestone 3 garage comparison scene","1e956c8acd9f3c075b2e4eece3d836228eeb3ad0a18ae41ad1ca6aedb3c9d684","Scene","ReferenceOnly","Assets/Game/LegacyImport/ReferenceOnly/Comparison/GarageM3Comparison.unity","ComparisonReady","Assets/Game/LegacyImport/ReferenceOnly/ControlledProof/Environment/garage_shed_roof_reference.obj; Assets/Game/World/Content/GaragePrototype/Prefabs/M3_GarageRoof.prefab","MSC GaragePrototypeAssetBuilder 1.0.0","Ignored reference scene; never included in player builds.","Contains donor roof reference and rebuilt production roof side by side."
"project-authored with reviewed donor dimensional anchor","Milestone 3 garage art prototype scene","1e956c8acd9f3c075b2e4eece3d836228eeb3ad0a18ae41ad1ca6aedb3c9d684","Scene","Reimplemented","Assets/Game/World/Content/GaragePrototype/Scenes/GarageArtPrototype.unity","PrototypeReady","Assets/Game/World/Content/GaragePrototype/Prefabs/M3_GarageShell.prefab; Assets/Game/World/Content/GaragePrototype/Prefabs/M3_RoadSegment.prefab","MSC GaragePrototypeAssetBuilder 1.0.0","Static art prototype only; no player, vehicle, weather simulation or world streaming.","Production scene has no ReferenceOnly or DonorGenerated dependency."
"mysummercar_Data/level2","CABIN GO 18336/T 54392 > Shed GO 19567/T 55631 > garage_shed_roof GO 1064/T 37122","39e5c8f38edd83652325b403e06449eb6fe4e5c588e4dad2bf04b5c9ff406c31","Transform/LayoutRecord","WorldLayoutReference","Assets/Game/World/Content/LayoutPilot/M04A_WorldLayoutPilot.json","PilotReviewed","garage_shed_walls GO 2821/T 38875; sharedassets3.assets Mesh PathID 2186 hash 1e956c8acd9f3c075b2e4eece3d836228eeb3ad0a18ae41ad1ca6aedb3c9d684","AssetRipper local web inspection 1.3.14; MSC WorldLayoutPilot 1.0.0","Garage anchor only; wall openings and complete building layout remain unmeasured.","Donor scene position (-169.98,-1.611,1040.625) maps to project-local origin; y-up and 1 unit = 1 metre."
"mysummercar_Data/level2","DirtRoad GO 21869/T 57925; retained waypoint indices 1655,1660,1665,1670,1675,1680,1685","39e5c8f38edd83652325b403e06449eb6fe4e5c588e4dad2bf04b5c9ff406c31","Transform/LayoutRecord","WorldLayoutReference","Assets/Game/World/Content/LayoutPilot/M04A_WorldLayoutPilot.json","PilotReviewed","Routes GO 35620/T 71667; TRAFFIC GO 30052/T 66102; external manifest SHA-256 ae7a512036f8ade31174e9cb4aee018921755eb1cc7fd1bcfd2707fa8881ac54","AssetRipper local web inspection 1.3.14; MSC WorldLayoutPilot 1.0.0","Traffic-route samples may include lane offset and are not a certified render-mesh centerline.","Bounded seven-sample polyline is 191.353 m; nearest retained sample is 204.768 m from the garage anchor. No complete route database was created."
"mysummercar_Data/level2","TERRAIN_OBJ GO 34670/T 70724; DirtRoad render GO 1616/T 37675; candidate mesh TERRAIN_road.001_dirtroad_MeshPart0 PathID 3273","39e5c8f38edd83652325b403e06449eb6fe4e5c588e4dad2bf04b5c9ff406c31","Mesh/LayoutEvidence","Blocked","","BlockedNoBoundedMeshExport","sharedassets3.assets hash 1e956c8acd9f3c075b2e4eece3d836228eeb3ad0a18ae41ad1ca6aedb3c9d684; MAP/MESH combined static hierarchy","AssetRipper local web inspection 1.3.14","Available static separation exposes combined/full-world content; exporting it would cross the bounded pilot.","No mesh payload was exported. Route waypoint Y remains approximate elevation evidence only."
"mysummercar_Data/level2","Milestone 04A garage-road reviewed layout comparison","39e5c8f38edd83652325b403e06449eb6fe4e5c588e4dad2bf04b5c9ff406c31","Scene","ReferenceOnly","Assets/Game/LegacyImport/ReferenceOnly/Comparison/M04A_WorldLayoutPilotComparison.unity","ComparisonReady","Assets/Game/World/Content/LayoutPilot/M04A_WorldLayoutPilot.json; M3 garage and road prefabs","MSC WorldLayoutPilotComparisonSceneBuilder 1.0.0","Scene visualizes reviewed points and the known M3 road-placement mismatch; it is not production world content.","Ignored and excluded from Build Settings; deleting it does not break production assets."
"mysummercar_Data/level2","GAME full placement and geometry inventory","39e5c8f38edd83652325b403e06449eb6fe4e5c588e4dad2bf04b5c9ff406c31","SerializedSceneLayout","WorldLayoutReference","Assets/Game/World/Content/WorldTransfer/M04A1_WorldEntities.csv","NormalizedValidated","sharedassets3.assets; sharedassets3.resource; context classification rules","AssetRipper 1.3.14; WorldTransferExtractor 1.0.0","Serialized placement/layout only; runtime FSM behavior and visual parity are not claimed.","36045 placements; 13509 geometry entities; 3842 reference-world entities."
"mysummercar_Data/sharedassets3.assets","GAME referenced mesh metadata","1e956c8acd9f3c075b2e4eece3d836228eeb3ad0a18ae41ad1ca6aedb3c9d684","MeshMetadata","ReferenceOnly","","ExtractedExternal","sharedassets3.resource SHA-256 19797fa0386c74d091b530b874a03325191e002c921767240c71ba7791a5a20b","AssetRipper 1.3.14","Donor mesh payload remains external and is not production geometry.","1362 unique referenced mesh GUID; one unrelated Texture2D warning."
"mysummercar_Data/level2","GAME collider components","39e5c8f38edd83652325b403e06449eb6fe4e5c588e4dad2bf04b5c9ff406c31","ColliderMetadata","CollisionReference","Assets/Game/World/Content/WorldTransfer/M04A1_WorldColliders.csv","NormalizedValidated","GAME hierarchy and mesh references","WorldTransferExtractor 1.0.0","Metadata/debug reference only; production collision is not generated.","5001 Box/Sphere/Capsule/Mesh collider records."
"mysummercar_Data/level2","Generated partitioned reference world","39e5c8f38edd83652325b403e06449eb6fe4e5c588e4dad2bf04b5c9ff406c31","GeneratedReferenceScenes","ReferenceOnly","Assets/Game/LegacyImport/ReferenceOnly/World/Generated","GeneratedValidated","M04A1 world database version 04A1.1","WorldPartitionBuilder 1.0.0","Neutral bounds proxies; Unity internal YAML file IDs are not byte-stable.","Ignored; 49 cells plus global persistent and bootstrap scenes; removable without production breakage."
"mysummercar_Data/level2","PLAYER FPSCamera, CharacterController and CharacterMotor static settings","39e5c8f38edd83652325b403e06449eb6fe4e5c588e4dad2bf04b5c9ff406c31","SerializedConfiguration","ConfigurationTransferred","Assets/Game/Core/Configuration/ReferenceCapture/ReferenceCaptureDatabase.json","StaticValidated","External AssetRipper GAME.unity; player capture checklist","MSC ReferenceCapture 1.0.0","Camera anchor, base walk speed, acceleration and gravity only; sprint/crouch runtime states remain missing.","M4 remake tuning is stored separately and is not donor evidence."
"mysummercar_Data/level2","SATSUMA root Rigidbody, datsun_body envelope and four wheel-root transforms","39e5c8f38edd83652325b403e06449eb6fe4e5c588e4dad2bf04b5c9ff406c31","Transform/Configuration","DimensionalReference","Assets/Game/Core/Configuration/ReferenceCapture/ReferenceCaptureDatabase.json","StaticValidatedPartial","External AssetRipper GAME.unity; vehicle geometry fixture","MSC ReferenceCapture 1.0.0","Body AABB is not overall assembled bounds; 389 kg is root Rigidbody mass, not certified curb mass.","Wheelbase and front/rear tracks are derived from reviewed wheel-root transforms."
"mysummercar_Data/sharedassets1.assets","drum_brake_rear Mesh PathID 125 bounds and local origin","8f0a0984f4e55229ecaebb57ef931b052f56998b9569a32e013780aa9dc78e02","MeshMetadata","PivotSource","Assets/Game/Core/Configuration/ReferenceCapture/ReferenceCaptureDatabase.json","StaticValidated","External controlled-proof drum metadata","MSC ReferenceCapture 1.0.0","Mesh envelope and zero pivot only; production geometry remains separately reauthored.","No donor mesh payload was added to the reference database or Git."
"mysummercar_Data/level2","Installed rear-left brake drum transform and assembly trigger relative to TireRL","39e5c8f38edd83652325b403e06449eb6fe4e5c588e4dad2bf04b5c9ff406c31","Transform/ColliderMetadata","MountPointSource","Assets/Game/Core/Configuration/ReferenceCapture/ReferenceCaptureDatabase.json","ValidatedByCombinedEvidence","External AssetRipper GAME.unity hash c3f2f3373ccad4fcbe104840fcb83e364f55438070e808d11ebe4996bc0476c4; runtime repetitions; blocked-removal attestation","MSC ReferenceCapture 1.0.0","Installed transform plus 0.01 m collider candidate at local (-0.1,0,0) are known; donor rule has no separate angular compare.","Three runtime snaps/removals and wheel-installed blocker close the representative mount rule."
"mysummercar_Data/level2","Rear-left drum BoltPM marker and serialized stage/tool contract","39e5c8f38edd83652325b403e06449eb6fe4e5c588e4dad2bf04b5c9ff406c31","TransformMarker/FsmConfiguration","BehavioralReference","Assets/Game/Core/Configuration/ReferenceCapture/ReferenceCaptureDatabase.json","ValidatedByCombinedEvidence","External AssetRipper GAME.unity hash c3f2f3373ccad4fcbe104840fcb83e364f55438070e808d11ebe4996bc0476c4; runtime repetition video","MSC ReferenceCapture 1.0.0","One control marker, discrete 0..8 endpoint gate, wrench 14 and scroll direction are validated; physical torque is not inferred.","Fastener semantics are P0 Covered; no PlayMaker code is a runtime dependency."
"mysummercar_Data/level2","Rear-left drum Assembly/Removal/BoltCheck/Screw and player tool-check FSM state graph","39e5c8f38edd83652325b403e06449eb6fe4e5c588e4dad2bf04b5c9ff406c31","SerializedFsmBehavior","BehavioralReference","Docs/ReferenceCapture/Sessions/04B_VEHICLE_ASSEMBLY_STATIC_TRACE_20260714.md","ValidatedByCombinedEvidence","External AssetRipper GAME.unity hash c3f2f3373ccad4fcbe104840fcb83e364f55438070e808d11ebe4996bc0476c4; runtime video and user attestation","AssetRipper 1.3.14 + MSC ReferenceCapture 1.0.0","Static graph is verified only for the representative drum; physical torque and clean-stock generalization are not claimed.","Tool mapping uses scale 1.4 to wrench 14; Screw.BoltSize=0 is not the tool number; assembly-specific M05 gate is open."
"ProjectAuthored/Milestone04B","Manual capture procedures and missing behavior fixtures","","ReferenceProcedure","BehavioralReference","Docs/ReferenceCapture","ProceduresReady","ReferenceCaptureDatabase dataset 04B.4","MSC ReferenceCapture 1.0.0","Procedures do not themselves prove donor runtime behavior; recorded runtime observations have separate evidence.","Covers player, assembly, vehicle behavior, world, time/weather, audio and UI; raw evidence stays outside Git."
"UserCapture/Videos/Captures/My Summer Car 2026-07-14 17-06-05.mp4","Rear-left drum diagnostic runtime observation","adffd52e9dce4171c30b969caf1102bd7ef8af9f0686ce934f2ea0ae675689af","RuntimeVideo","BehavioralReference","Docs/ReferenceCapture/Sessions/04B_VEHICLE_ASSEMBLY_VIDEO_REVIEW_20260714.md","DiagnosticOnly","Current appmanifest build 20171487 context; MP4 does not embed build ID","Sequential frame review","Selected wrench 11 is rejected; loose setup never reaches a controlled install/remove or fastener cycle.","External video remains outside Git; valid trials 0; later 04B.4 evidence closes the gates."
"UserCapture/Videos/Captures/My Summer Car 2026-07-14 18-52-48.mp4","Rear-left drum runtime repetitions","86ad948bda1450fb8d2cf32583b51d0c2bc55ccef5aad9f428da3bc38e8e3c84","RuntimeVideo","BehavioralReference","Docs/ReferenceCapture/Sessions/04B_VEHICLE_ASSEMBLY_RUNTIME_REPETITIONS_20260714.md","RuntimeValidated","Current appmanifest build 20171487 context; MP4 does not embed build ID","Sequential one-frame-per-second review","Three clean install, forward progression, reverse progression and removal trials; wrench 14 is explicit.","External video remains outside Git; valid trials 3."
"UserObservation/2026-07-14/rear-left-wheel-blocked-removal","Rear-left wheel-installed drum removal blocker","380f3ca4183f52e956939a713e01e892b998fa4717ee845d86074fb9b871ca66","RuntimeAttestation","BehavioralReference","Docs/ReferenceCapture/Sessions/04B_VEHICLE_ASSEMBLY_BLOCKED_REMOVAL_ATTESTATION_20260714.md","RuntimeValidatedMediumConfidence","Static TriggerWheelRL_New gate; successful wheel-absent removal video","User attestation","Installed rear-left wheel blocks drum removal; no separate frame-addressable blocked-case video.","Source hash is the project-owned attestation report; Medium confidence combines with static graph and three wheel-absent removal trials."
"ProjectDataset/ReferenceCapture/04B.4","Rear-left drum mount, BoltPM and wheel-blocker clean-room implementation","","AssemblyConfiguration","Reimplemented","Assets/Game/Vehicle/Content/Assembly/Definitions","PrototypeValidated","representative-part-mount-pivot-v1; ReauthoredRearBrakeDrum.prefab","MSC VehicleAssemblyPrototypeBuilder 1.0.0","Remake tolerance is 0.42 m / 35 degrees; donor proves a 0.01 m overlap marker but no separate angular compare.","One BoltPM, wrench 14, discrete 0..8 and wheel-installed removal blocker; no donor FSM or runtime dependency."
"ProjectAuthored/Milestone05","Representative 15-part vehicle assembly prototype","","Scene/Definitions/Runtime","Reimplemented","Assets/Game/Vehicle/Content/Assembly","PrototypeValidated","MSC.Vehicle.Assembly; M4 Player/Interaction capabilities","MSC VehicleAssemblyPrototypeBuilder 1.0.0","Clean graybox/proof content; most part masses, mounts and fasteners are project-authored tuning, not donor calibration.","14 mounts, explicit graph, tool rules, preview, safe physics transitions and no ReferenceOnly/DonorGenerated dependency."
"ProjectAuthored/Milestone05","Versioned vehicle assembly state DTOs","","SaveDTO","Reimplemented","Assets/Game/Vehicle/Assembly/Runtime/VehicleAssemblySaveData.cs","AutomatedTestsPass","StableEntityId; AssemblyGraph","MSC.Vehicle.Assembly schema 1","Storage backend, save slots, migrations beyond schema 1 and original-save import are not implemented.","Part/mount/fastener capture, JSON round trip, duplicate rejection and validated restore are covered by EditMode/PlayMode tests."
"ProjectDataset/WorldTransfer/04A1.1","13,509-record production replacement registry","","WorldProductionRegistry","WorldLayoutReference","Assets/Game/World/Authoring/ReplacementProfiles/WR_WorldProductionAssetRegistry.asset","RegistryGenerated","M04A1_WorldEntities.csv; project-authored production prefabs","MSC World Remaster 05A.2","Only 33 direct production bindings; 13,476 records remain unassigned and linked to manual-art tasks.","The frozen donor/reference database is not modified; registry and three machine-readable reports are project-owned metadata."
"ProjectAuthored/Milestone05A","Home/garage production pilot cell_0_-3","","WorldProductionScene","ReauthoredGeometry","Assets/Game/World/Generated/ProductionCells/Production_cell_0_-3.unity","ProductionCandidateAutomatedValidation","M4 Player; M05 Vehicle Assembly; M04A1 spatial fixtures","MSC World Remaster 05A.1","First-pass geometry/materials and proxy vegetation; no final visual-art or complete raw-record replacement claim.","No production dependency on donor meshes, textures, executable, assemblies or ReferenceOnly content."
"ProjectAuthored/Milestone05A","HDRP material and comparison-mode pilot","","Materials/Validation","ReauthoredMaterial","Assets/Game/World/Production","FirstPassAutomatedValidation","Project-authored M3 procedural texture basis; HDRP 17.3.0","MSC World Remaster 05A.1","Unique final textures, weathering, wetness runtime and lighting matrix remain manual work.","Donor textures are not used; reference rendering is isolated from production-only mode."
"ProjectDataset/WorldTransfer/04A1.1","cell_0_-2 home pier, lake/bottom and three hedge anchors","706A4303A715539AC2D45A5AB0DFF487B685BFA3F336C57A10A477A45A454FA8","WorldZoneBatch","WorldLayoutReference","Assets/Game/World/Generated/ProductionCells/Production_cell_0_-2.unity","ProductionCandidateAutomatedValidation","Nine frozen stable placements; project-authored production prefabs","MSC World Remaster 05A.2","Proxy anchors validate placement only; donor bounds are degenerate and direct shoreline visual parity is pending.","No donor binary/mesh/texture transfer; six unrelated gameplay records remain backlog."
"ProjectAuthored/Milestone05A/Batch01","Home shoreline, pier and LOD hedge production assets","","WorldProductionScene","ReauthoredGeometry","Assets/Game/World/Production/Prefabs/WR_HomeShorelinePier.prefab","ProductionCandidateAutomatedValidation","M4 Player context; M04A1 spatial fixtures; project HDRP materials","MSC World Remaster 05A.2","First-pass shoreline/pier/hedge art; water simulation, weather response and final visual parity are not implemented.","Deterministic cell SHA-256 973757687E6A24EF098D32BECB5595B24A2E9A336B77180F821CA64BA7BFD89F; no donor runtime dependency."
"ProjectDataset/WorldTransfer/04A1.1","Teimo intentional void boundary: TREEWALL_HI a13e39b008eb9dffbaa38918bf20d375; TERRAINOUT 7784ae7c9ec1dea8b50be5071f7af0e8","706A4303A715539AC2D45A5AB0DFF487B685BFA3F336C57A10A477A45A454FA8","WorldTopologyProfile","WorldLayoutReference","Docs/WorldRemaster/M05C1_DONOR_VOID_REGIONS.csv","ValidatedBoundedPilot","STORE foundation 6427513a6c2643e03a87d26467e31d98; LAKEBED 40bfaf26ded22db2438894014bbbd415","MSC World Transfer 05C1.1","Six measured cross-section stations are interpolated into a project-owned safety surface; unmeasured final terrain detail is not claimed.","Metadata only; donor installation remained read-only and no donor binary payload was transferred."
"ProjectAuthored/Milestone05C1","Teimo continuous-ground safety topology in cell_-4_0 and cell_-3_0","","WorldSafetyTopology","ReauthoredGeometry","Assets/Game/World/Generated/VoidFillCells","ValidatedBoundedPilot","M05C1_DONOR_VOID_REGIONS.csv; WR_Terrain.mat; StableEntityIdAuthoring","MSC World Transfer 05C1.1","Low-detail safety/collision baseline only; tree-card boundary remains, gameplay area is not opened, and final terrain art is deferred.","Two deterministic meshes and scenes; SHA-256, 100/100 collision probes and user manual review verified; no ReferenceOnly runtime dependency."
"ProjectAuthored/Milestone05B","World validation gate model, runner and dashboard","","EditorValidationTooling","Reimplemented","Assets/Game/World/Editor/WorldValidationRunner.cs","ValidationExecuted","World production registry; 04A1/05C durable data; enabled Build Settings","MSC World Validation 05B.1","Validation-only tooling; does not create production art or runtime streaming.","All three gates evaluated; achieved=None; deterministic JSON/CSV exports and stable issue IDs."
"ProjectAuthored/Milestone05B","Production/build dependency graph audit","","DependencyAudit","Reimplemented","Docs/WorldValidation/PRODUCTION_DEPENDENCY_AUDIT.md","ValidatedNoDonorDependency","49 seed assets; 230 visited assets; 482 edges","MSC World Validation 05B.1","Static AssetDatabase graph does not replace a current-world standalone ScriptingAssemblies audit.","Zero ReferenceOnly, DonorGenerated or project Editor dependencies; standalone assembly audit remains open."
"ProjectAuthored/Milestone05B","World coverage, spatial and gate evidence","","ValidationDataset","Reimplemented","Docs/WorldValidation/WORLD_VALIDATION_RESULT.json","ValidatedNoGateAchieved","13,509 donor records; 3,842 eligible records; 33 production bindings","MSC World Validation 05B.1","Only measured fixtures contribute to max/mean/p95; unavailable full-map domains are explicit.","33/3,842 eligible bindings, 2/49 bound cells, achieved gate None; supplemental 05C1 pieces counted separately."
"ProjectDataset/ReferenceCapture/04B.4","Satsuma four wheel-root anchors and derived wheelbase/tracks","","VehicleGeometry","DimensionalReference","Assets/Game/Vehicle/Content/Simulation/Configurations/M06_VehicleSimulationConfig.asset","IntegratedDerivedGeometryValidated","ReferenceCaptureDatabase/vehicle-body-wheel-geometry-v1","MSC Vehicle Simulation 1.0.0","Wheelbase/tracks derive from reviewed roots; 389 kg is not curb mass; candidate 0.272667 m radius remains NeedsReview.","Exact M06 anchors are FL (-0.6299995,0,1.1669996), FR (0.6300007,0,1.1669996), RL (-0.6029993,0,-1.167), RR (0.603001,0,-1.1669996); strict M06 validator PASS on 2026-07-15."
"ProjectAuthored/Milestone06","Separated configurable single-pair powertrain and support-system simulation prototype","","RuntimeSimulation","Reimplemented","Assets/Game/Vehicle/Simulation","AutomatedValidatedManualRecheckPending","MSC.Vehicle.Runtime; M06 logical assembly fixture; IWheelPhysicsBackend","MSC Vehicle Simulation 1.1.0","Current authored config maps the one driven pair to FL/FR 0/1 for FWD; AWD is not implemented; all torque, ratios, clutch, tire, suspension, brake, electrical, fluid and thermal numbers are RemakeDesignTarget / ProvisionalProjectTuning; donor dynamic fixtures are Missing.","Builder/validator/calibration PASS; focused EditMode 18/18 and PlayMode 3/3 PASS; first manual run confirmed core start/shift/stall/RPM behavior and exposed startup creep/view shake; focused PlayMode 3/3 after remediation/audio; user recheck pending."
"ProjectAuthored/Milestone06","Logical assembly prerequisite fixture, separate dynamic proxy and detached chase camera","","AssemblyFixture/Scene","Reimplemented","Assets/Game/Vehicle/Content/Simulation","AutomatedValidatedManualRecheckPending","MSC.Vehicle.Assembly; StableEntityId; M06 simulation config","MSC Vehicle Simulation 1.1.0","Logical part masses do not build the proxy mass/center of mass; proxy 650 kg is provisional and not donor curb mass.","Twelve project-owned logical parts feed cached prerequisite flags; no PartInstance Rigidbody is the proxy chassis; the smoothed camera is detached from the Rigidbody after the manual shake finding; post-remediation user recheck pending."
"ProjectAuthored/Milestone06","Four-wheel raycast wheel-physics backend","","WheelBackend","Reimplemented","Assets/Game/Vehicle/Runtime/PrototypeRaycastWheelPhysicsBackend.cs","AutomatedValidatedManualRecheckPending","IWheelPhysicsBackend; VehicleSurfaceMetadataAuthoring; PhysX","MSC Vehicle Simulation 1.1.0","Tire, suspension, braking and surface responses are provisional; Unity Physics.Processing remains UnavailableNotMeasured.","First-sample suspension history, planar speed, no-overshoot passive force and low-speed grounded rest settling remediate the reported startup creep; focused PlayMode 3/3 PASS; fresh isolated backend audit 9.115166 us and 0 B; user recheck pending."
"ProjectAuthored/Milestone06","Bounded paved/gravel/dirt/grass typed-surface track","","BlockoutRoute","BlockoutSource","Assets/Game/Vehicle/Content/Simulation/Scenes/VehicleSimulationPrototype.unity","AutomatedValidatedManualRecheckPending","VehicleSurfaceMetadataAuthoring; M06 simulation config","MSC Vehicle Simulation 1.1.0","Graybox backend fixture only, not donor or production-world parity; WORLD-COL-003 remains open.","One hundred metre project-authored route; static and PlayMode automated checks pass; first manual drive confirmed the core loop; post-remediation route/audio recheck pending."
"ProjectAuthored/Milestone06","Schema-1 simulation state DTO and development telemetry","","SaveDTO/Telemetry","Reimplemented","Assets/Game/Vehicle/Simulation/VehicleSimulationContracts.cs","AutomatedValidated","VehicleSimulationRoot; VehicleTelemetryRecorder","MSC Vehicle Simulation schema 1","DTO is not save-slot storage and CSV is not production UI/audio integration.","Focused DTO/telemetry tests PASS; fresh telemetry audit records 0.22799 us/iteration and 0 allocated bytes; donor dynamic fixture remains Missing."
"raw/world/milestone-04a1/assetripper-unity-project/ExportedProject/Assets/AudioClip/850_idle5.ogg","Satsuma low/idle RPM diagnostic layer","41296478D8828AF8E7840FE66F9FE2C9A0F05D78127B2BFB20ED35C403894CF9","AudioClip","TemporaryDirectImport","External local Editor diagnostic only; no project Assets path","FrozenExternalLocalDiagnostic","GAME.unity AudioEngineSatsuma static routing evidence; M06 telemetry","AssetRipper 1.3.14 Default","Reference/prototype sound only; no final mix, load response or interior/exterior parity.","Frozen donor staging only; excluded from Git and builds; final audio must be reauthored or properly licensed."
"raw/world/milestone-04a1/assetripper-unity-project/ExportedProject/Assets/AudioClip/850_mid3.ogg","Satsuma mid-RPM diagnostic layer","EF0F7E94F7FB08B1D8F1EA16AEE7BDDE5A27F54FB12FB6357A26DB11493F1FA5","AudioClip","TemporaryDirectImport","External local Editor diagnostic only; no project Assets path","FrozenExternalLocalDiagnostic","GAME.unity AudioEngineSatsuma static routing evidence; M06 telemetry","AssetRipper 1.3.14 Default","Reference/prototype sound only; no final mix, load response or interior/exterior parity.","Frozen donor staging only; excluded from Git and builds; final audio must be reauthored or properly licensed."
"raw/world/milestone-04a1/assetripper-unity-project/ExportedProject/Assets/AudioClip/850_mid13.ogg","Satsuma high-RPM diagnostic layer","464DA9DBCE2219040522A18B481B4E5C1C285303152F56975D167E5F54044480","AudioClip","TemporaryDirectImport","External local Editor diagnostic only; no project Assets path","FrozenExternalLocalDiagnostic","GAME.unity AudioEngineSatsuma static routing evidence; M06 telemetry","AssetRipper 1.3.14 Default","Reference/prototype sound only; no final mix, load response or interior/exterior parity.","Frozen donor staging only; excluded from Git and builds; final audio must be reauthored or properly licensed."
"raw/world/milestone-04a1/assetripper-unity-project/ExportedProject/Assets/AudioClip/motor_start_1.ogg","Satsuma starter diagnostic event variant 1","5F9EEB889C660E7AE1F08F9474951ECB3938878AE2A5C13038952A6DDD5892AE","AudioClip","TemporaryDirectImport","External local Editor diagnostic only; no project Assets path","FrozenExternalLocalDiagnostic","GAME.unity MasterAudio/Starting static routing evidence; M06 engine state","AssetRipper 1.3.14 Default","Reference/prototype sound only; trigger/mix parity is not established.","Frozen donor staging only; excluded from Git and builds; final audio must be reauthored or properly licensed."
"raw/world/milestone-04a1/assetripper-unity-project/ExportedProject/Assets/AudioClip/motor_start_2.ogg","Satsuma starter diagnostic event variant 2","854EA1EECC2E9DBFC37674CA0968F3FFACE2F75AE8B85A73F06C40FD1198F5AB","AudioClip","TemporaryDirectImport","External local Editor diagnostic only; no project Assets path","FrozenExternalLocalDiagnostic","GAME.unity MasterAudio/Starting static routing evidence; M06 engine state","AssetRipper 1.3.14 Default","Reference/prototype sound only; trigger/mix parity is not established.","Frozen donor staging only; excluded from Git and builds; final audio must be reauthored or properly licensed."
"raw/world/milestone-04a1/assetripper-unity-project/ExportedProject/Assets/AudioClip/motor_start_3.ogg","Satsuma starter diagnostic event variant 3","9D9ABE53A8C253E8C571FE1E99B8B34509B2944D6428FBFCA8412413FE551CD2","AudioClip","TemporaryDirectImport","External local Editor diagnostic only; no project Assets path","FrozenExternalLocalDiagnostic","GAME.unity MasterAudio/Starting static routing evidence; M06 engine state","AssetRipper 1.3.14 Default","Reference/prototype sound only; trigger/mix parity is not established.","Frozen donor staging only; excluded from Git and builds; final audio must be reauthored or properly licensed."
"raw/world/milestone-04a1/assetripper-unity-project/ExportedProject/Assets/AudioClip/starter_whine.ogg","Satsuma starter-whine diagnostic layer","215329D05D5C5C1BE5F0AE1B831AA20E01A02DD0418856C56808DE52CD310CE3","AudioClip","TemporaryDirectImport","External local Editor diagnostic only; no project Assets path","FrozenExternalLocalDiagnostic","GAME.unity MasterAudio/Starting static routing evidence; M06 engine state","AssetRipper 1.3.14 Default","Reference/prototype sound only; trigger/mix parity is not established.","Frozen donor staging only; excluded from Git and builds; final audio must be reauthored or properly licensed."
"raw/world/milestone-04a1/assetripper-unity-project/ExportedProject/Assets/_Scenes/GAME.unity","AudioEngineSatsuma RPM layers and MasterAudio/Starting starter mapping","C3F2F3373CCAD4FCBE104840FCB83E364F55438070E808D11EBE4996BC0476C4","AudioRoutingMetadata","ReferenceOnly","Docs/AUDIO_GUIDE.md","StaticMappingReviewed","Seven frozen external Satsuma diagnostic clips","AssetRipper 1.3.14 Default","Static serialized mapping only; no complete mixer/event graph and no proven Satsuma stop/stall clip.","Metadata evidence only; current mod-contaminated/hash-drift donor install is not used; no donor scene enters Assets or a build."
"ProjectAuthored/Milestone06","Typed vehicle-audio contract, telemetry presenter and Editor-only local diagnostic backend","","RuntimeAudioBridge","Reimplemented","Assets/Game/Audio/Runtime/VehicleAudioContracts.cs; Assets/Game/Audio/UnityFallback/UnityAudioBackend.cs; Assets/Game/Vehicle/Runtime/VehicleAudioPresenter.cs","AutomatedValidatedManualRecheckPending","IVehicleAudioBackend; M06 telemetry; seven hash-pinned external clips","MSC Vehicle Audio Diagnostic 1.1.0","Diagnostic layer only; no final mix, Wwise integration, complete donor routing or production clips.","Builder/validator PASS; focused EditMode 18/18, focused PlayMode 3/3 and full PlayMode 30/30; each M06 case emitted M06_LOCAL_DIAGNOSTIC_AUDIO_READY after verified external loading; no serialized AudioSource/AudioClip dependency; user listening recheck pending."
"raw/world/milestone-04a1/assetripper-unity-project/ExportedProject/Assets/_Scenes/GAME.unity","Canonical sanitized full donor-world static baseline","C3F2F3373CCAD4FCBE104840FCB83E364F55438070E808D11EBE4996BC0476C4","SerializedSceneAndSanitizedStaticWorld","TemporaryDirectImport","Assets/Game/LegacyImport/RuntimeBaseline/Generated/World/Scenes/World_DonorBaseline_Canonical.unity","SanitizedCanonicalPreparedInactive","Frozen path map; normalized 04A1.1 manifests; audited mesh library; project-owned sanitation metadata","AssetRipper 1.3.14; DonorWorldBaselineBuilder 1.0.0-06B1; sanitation 06B1.4","Temporary neutral materials; 1237 metadata-only records; no runtime collision; no donor scripts FSMs cameras audio lighting weather UI NPC or gameplay logic; not cellized or active until 06B2.","Generated scene/meshes/materials are ignored by Git and private-local-only; source lock and fingerprints are committed in DonorWorldBaselineSourceManifest.json; not ProductionReady or distributable."
"raw/world/milestone-04a1/assetripper-unity-project/ExportedProject/Assets/_Scenes/GAME.unity","Deterministically cellized active donor-world presentation","C3F2F3373CCAD4FCBE104840FCB83E364F55438070E808D11EBE4996BC0476C4","SerializedSceneAndCellizedStaticWorld","TemporaryDirectImport","Assets/Game/LegacyImport/RuntimeBaseline/Generated/World/Streaming/Scenes","ActivePrivateFeatureParityHumanAccepted","06B1 canonical baseline; 512 m project grid; active streaming manifest; replacement registry","DonorWorldCellizationBuilder 1.0.0-06B2","One global and 49 cell scenes; temporary materials; large static-batch aggregates remain global; flat lake and original-game voids remain; no donor runtime logic; not public/distributable or ProductionReady.","3842 entities and 2605 renderers; 3754 cell-owned and 88 global; ownership fingerprint 0a9de0beb45d83d6983153a48d0eb1eb93bb51fdfcc63baa629425f2777b13f3; generated payload ignored by Git; user accepted map fidelity and bounded traversal on 2026-07-16."
"ProjectAuthored/Milestone06B2/WorldBaseline06B2SafeColliderAllowlist.csv","Audited static traversal collider subset","EB62F26D6B6D9F377E2C9F14C335B163DC8C1246B5AEE1F6F81DC4EBEBB4AD47","StaticCollisionAllowlist","TemporaryDirectImport","Assets/Game/LegacyImport/RuntimeBaseline/Generated/World/Streaming/CollisionMeshes; World_Global_Legacy.unity","SafeAllowlistIntegratedAutomatedValidated","Frozen 04A1.1 collider inventory; canonical geometry; global traversal ownership","DonorWorldCellizationBuilder 1.0.0-06B2","Only 20 MeshCollider and 12 BoxCollider records; no triggers bodies joints doors windows dynamic props NPCs or gameplay behavior.","Geometry equivalence validated by vertices indices and topology after Unity reserialization; representative PlayMode raycasts pass."
"ProjectAuthored/Milestone06B2/WorldBaseline06B2GameplayAnchors.csv","Project-owned gameplay anchor catalog for former prototype regions","4FB51C76EE094872DE6D1158BBFEBE1E72676668E7CEF53CD8FCD4CC1964C65A","GameplayAnchorCatalog","Reimplemented","Assets/Game/World/Content/Streaming/WorldGameplayCellCatalog.asset","AutomatedValidatedHumanRegionReviewAccepted","StableEntityId; production streaming manifest; cell index","WorldGameplayAnchorManifest 1.0.0-06B2","15 anchors only; no NPC AI navigation trigger or complete gameplay-cell implementation.","Seven anchors belong to cell_0_-3 and eight to cell_0_-2; no donor GameObject or hierarchy reference is serialized as gameplay identity; user accepted the active regions on 2026-07-16."
"ProjectAuthored/Milestone06B2","Active donor profile streaming lifecycle, replacement mapping and build boundary","","RuntimeStreamingAndBuildSafety","Reimplemented","Assets/Game/World/Runtime/Streaming; Assets/Game/Bootstrap; Assets/Game/Editor/WorldBaseline","AutomatedValidatedHumanTraversalAccepted","Existing ProductionWorldStreamingService; 06B1 baseline; manifests and tests","MSC World Streaming 06B2","Private local feature-parity architecture only; standalone real-GPU and dedicated vehicle/bridge validation deferred to 06B3.","Reuses 512 m grid, radius 1/2 hysteresis and additive loading; adds 12 m/s radius-2 preload, scene-handle ownership reconciliation, out-of-bounds recovery and public-build guard; user confirmed Teimo unload/reload and OOB recovery."
"ProjectAuthored/Milestones05A-05C","Custom visual content for cell_0_-3 and cell_0_-2","","PrototypeWorldVisuals","Rejected","Assets/Game/World/Debug/Streaming/PrototypeWorldStreamingFixture.unity; Assets/Game/World/Content/Streaming/PrototypeWorldStreamingManifest.asset","RetainedPrototypeFixtureInactiveInDonorProfileHumanConfirmed","Existing project-owned cells, lifecycle tests and comparison assets","MSC World Streaming 06B2","Useful technical fixture but rejected for donor-location fidelity; not active feature-parity presentation.","Assets were not deleted or remodelled; donor baseline scenes own the same active-profile regions; user confirmed original-map correspondence on 2026-07-16."
