RequestedMode,EffectiveMode,Scenario,CpuFrameTimeMs,CpuTimingSource,GpuFrameTimeMs,GpuTimingAvailable,GpuTimingSource,PostProcessingCpuMarkerMs,MotionVectorsCpuMarkerMs,OutputResolution,InternalResolution,DynamicResolutionScale,Upscaler,MotionVectorsActive,ManagedCameraCount,FallbackReason
"Off","Off","01_StaticOutdoor",2.0206,"FrameTimingManager",-1.0000,False,"unavailable in Editor batch mode",0.0934,0.0555,"1280x720","1280x720",1.0000,"None",False,2,""
"Off","Off","02_SlowWalk",2.2057,"FrameTimingManager",-1.0000,False,"unavailable in Editor batch mode",0.1054,0.0534,"1280x720","1280x720",1.0000,"None",False,2,""
"Off","Off","03_FastCameraTurn",1.7653,"FrameTimingManager",-1.0000,False,"unavailable in Editor batch mode",0.0794,0.0253,"1280x720","1280x720",1.0000,"None",False,2,""
"Off","Off","04_FastVehicle",1.8838,"FrameTimingManager",-1.0000,False,"unavailable in Editor batch mode",0.0877,0.0514,"1280x720","1280x720",1.0000,"None",False,2,""
"Off","Off","05_ForestGrassFoliage",2.2059,"FrameTimingManager",-1.0000,False,"unavailable in Editor batch mode",0.0906,0.0561,"1280x720","1280x720",1.0000,"None",False,2,""
"Off","Off","06_ThinGeometryAgainstSky",2.0743,"FrameTimingManager",-1.0000,False,"unavailable in Editor batch mode",0.0878,0.0513,"1280x720","1280x720",1.0000,"None",False,2,""
"Off","Off","07_NightHeadlightsEmissive",1.9539,"FrameTimingManager",-1.0000,False,"unavailable in Editor batch mode",0.0879,0.0514,"1280x720","1280x720",1.0000,"None",False,2,""
"Off","Off","08_InteriorContrastDetails",1.8753,"FrameTimingManager",-1.0000,False,"unavailable in Editor batch mode",0.0893,0.0544,"1280x720","1280x720",1.0000,"None",False,2,""
"Off","Off","09_FieldOfViewChange",1.8515,"FrameTimingManager",-1.0000,False,"unavailable in Editor batch mode",0.0852,0.0577,"1280x720","1280x720",1.0000,"None",False,2,""
"Off","Off","10_ResolutionChange",1.8552,"FrameTimingManager",-1.0000,False,"unavailable in Editor batch mode",0.0749,0.0558,"960x540","960x540",1.0000,"None",False,2,""
"Off","Off","11_RuntimeAaSwitch",2.0002,"FrameTimingManager",-1.0000,False,"unavailable in Editor batch mode",0.0852,0.0594,"1280x720","1280x720",1.0000,"None",False,2,""
"Off","Off","12_TeleportOrSaveLoad",1.7191,"FrameTimingManager",-1.0000,False,"unavailable in Editor batch mode",0.0697,0.0532,"1280x720","1280x720",1.0000,"None",False,2,""
"Off","Off","13_HardCameraCut",1.6641,"FrameTimingManager",-1.0000,False,"unavailable in Editor batch mode",0.0707,0.0321,"1280x720","1280x720",1.0000,"None",False,2,""
"Off","Off","14_MultipleActiveCameras",3.3605,"FrameTimingManager",-1.0000,False,"unavailable in Editor batch mode",0.1566,0.0895,"1280x720","1280x720",1.0000,"None",False,2,""
"Fxaa","Fxaa","01_StaticOutdoor",1.6633,"FrameTimingManager",-1.0000,False,"unavailable in Editor batch mode",0.0694,0.0554,"1280x720","1280x720",1.0000,"None",False,2,""
"Fxaa","Fxaa","02_SlowWalk",1.7057,"FrameTimingManager",-1.0000,False,"unavailable in Editor batch mode",0.0715,0.0562,"1280x720","1280x720",1.0000,"None",False,2,""
"Fxaa","Fxaa","03_FastCameraTurn",1.6277,"FrameTimingManager",-1.0000,False,"unavailable in Editor batch mode",0.0745,0.0307,"1280x720","1280x720",1.0000,"None",False,2,""
"Fxaa","Fxaa","04_FastVehicle",1.9645,"FrameTimingManager",-1.0000,False,"unavailable in Editor batch mode",0.0800,0.0540,"1280x720","1280x720",1.0000,"None",False,2,""
"Fxaa","Fxaa","05_ForestGrassFoliage",1.8341,"FrameTimingManager",-1.0000,False,"unavailable in Editor batch mode",0.0797,0.0552,"1280x720","1280x720",1.0000,"None",False,2,""
"Fxaa","Fxaa","06_ThinGeometryAgainstSky",1.7271,"FrameTimingManager",-1.0000,False,"unavailable in Editor batch mode",0.0707,0.0507,"1280x720","1280x720",1.0000,"None",False,2,""
"Fxaa","Fxaa","07_NightHeadlightsEmissive",1.8067,"FrameTimingManager",-1.0000,False,"unavailable in Editor batch mode",0.0757,0.0531,"1280x720","1280x720",1.0000,"None",False,2,""
"Fxaa","Fxaa","08_InteriorContrastDetails",1.7245,"FrameTimingManager",-1.0000,False,"unavailable in Editor batch mode",0.0728,0.0484,"1280x720","1280x720",1.0000,"None",False,2,""
"Fxaa","Fxaa","09_FieldOfViewChange",1.6319,"FrameTimingManager",-1.0000,False,"unavailable in Editor batch mode",0.0712,0.0523,"1280x720","1280x720",1.0000,"None",False,2,""
"Fxaa","Fxaa","10_ResolutionChange",1.8208,"FrameTimingManager",-1.0000,False,"unavailable in Editor batch mode",0.0754,0.0577,"960x540","960x540",1.0000,"None",False,2,""
"Fxaa","Fxaa","11_RuntimeAaSwitch",1.7295,"FrameTimingManager",-1.0000,False,"unavailable in Editor batch mode",0.0731,0.0567,"1280x720","1280x720",1.0000,"None",False,2,""
"Fxaa","Fxaa","12_TeleportOrSaveLoad",1.6119,"FrameTimingManager",-1.0000,False,"unavailable in Editor batch mode",0.0692,0.0591,"1280x720","1280x720",1.0000,"None",False,2,""
"Fxaa","Fxaa","13_HardCameraCut",1.5922,"FrameTimingManager",-1.0000,False,"unavailable in Editor batch mode",0.0693,0.0374,"1280x720","1280x720",1.0000,"None",False,2,""
"Fxaa","Fxaa","14_MultipleActiveCameras",3.1912,"FrameTimingManager",-1.0000,False,"unavailable in Editor batch mode",0.1486,0.0814,"1280x720","1280x720",1.0000,"None",False,2,""
"Smaa","Smaa","01_StaticOutdoor",1.7465,"FrameTimingManager",-1.0000,False,"unavailable in Editor batch mode",0.0773,0.0544,"1280x720","1280x720",1.0000,"None",False,2,""
"Smaa","Smaa","02_SlowWalk",1.7589,"FrameTimingManager",-1.0000,False,"unavailable in Editor batch mode",0.0786,0.0545,"1280x720","1280x720",1.0000,"None",False,2,""
"Smaa","Smaa","03_FastCameraTurn",1.9258,"FrameTimingManager",-1.0000,False,"unavailable in Editor batch mode",0.0996,0.0268,"1280x720","1280x720",1.0000,"None",False,2,""
"Smaa","Smaa","04_FastVehicle",1.6870,"FrameTimingManager",-1.0000,False,"unavailable in Editor batch mode",0.0755,0.0580,"1280x720","1280x720",1.0000,"None",False,2,""
"Smaa","Smaa","05_ForestGrassFoliage",1.9113,"FrameTimingManager",-1.0000,False,"unavailable in Editor batch mode",0.0937,0.0578,"1280x720","1280x720",1.0000,"None",False,2,""
"Smaa","Smaa","06_ThinGeometryAgainstSky",1.7433,"FrameTimingManager",-1.0000,False,"unavailable in Editor batch mode",0.0770,0.0535,"1280x720","1280x720",1.0000,"None",False,2,""
"Smaa","Smaa","07_NightHeadlightsEmissive",1.6831,"FrameTimingManager",-1.0000,False,"unavailable in Editor batch mode",0.0779,0.0515,"1280x720","1280x720",1.0000,"None",False,2,""
"Smaa","Smaa","08_InteriorContrastDetails",1.6469,"FrameTimingManager",-1.0000,False,"unavailable in Editor batch mode",0.0716,0.0446,"1280x720","1280x720",1.0000,"None",False,2,""
"Smaa","Smaa","09_FieldOfViewChange",1.6877,"FrameTimingManager",-1.0000,False,"unavailable in Editor batch mode",0.0773,0.0522,"1280x720","1280x720",1.0000,"None",False,2,""
"Smaa","Smaa","10_ResolutionChange",1.7866,"FrameTimingManager",-1.0000,False,"unavailable in Editor batch mode",0.0786,0.0525,"960x540","960x540",1.0000,"None",False,2,""
"Smaa","Smaa","11_RuntimeAaSwitch",1.9533,"FrameTimingManager",-1.0000,False,"unavailable in Editor batch mode",0.0953,0.0578,"1280x720","1280x720",1.0000,"None",False,2,""
"Smaa","Smaa","12_TeleportOrSaveLoad",1.7331,"FrameTimingManager",-1.0000,False,"unavailable in Editor batch mode",0.0801,0.0485,"1280x720","1280x720",1.0000,"None",False,2,""
"Smaa","Smaa","13_HardCameraCut",1.6222,"FrameTimingManager",-1.0000,False,"unavailable in Editor batch mode",0.0754,0.0311,"1280x720","1280x720",1.0000,"None",False,2,""
"Smaa","Smaa","14_MultipleActiveCameras",3.1727,"FrameTimingManager",-1.0000,False,"unavailable in Editor batch mode",0.1519,0.0654,"1280x720","1280x720",1.0000,"None",False,2,""
"Taa","Taa","01_StaticOutdoor",1.7933,"FrameTimingManager",-1.0000,False,"unavailable in Editor batch mode",0.0900,0.0535,"1280x720","1280x720",1.0000,"None",True,2,""
"Taa","Taa","02_SlowWalk",1.8729,"FrameTimingManager",-1.0000,False,"unavailable in Editor batch mode",0.0992,0.0546,"1280x720","1280x720",1.0000,"None",True,2,""
"Taa","Taa","03_FastCameraTurn",1.8125,"FrameTimingManager",-1.0000,False,"unavailable in Editor batch mode",0.0900,0.0247,"1280x720","1280x720",1.0000,"None",True,2,""
"Taa","Taa","04_FastVehicle",1.7543,"FrameTimingManager",-1.0000,False,"unavailable in Editor batch mode",0.0879,0.0488,"1280x720","1280x720",1.0000,"None",True,2,""
"Taa","Taa","05_ForestGrassFoliage",2.2079,"FrameTimingManager",-1.0000,False,"unavailable in Editor batch mode",0.1086,0.0545,"1280x720","1280x720",1.0000,"None",True,2,""
"Taa","Taa","06_ThinGeometryAgainstSky",1.9688,"FrameTimingManager",-1.0000,False,"unavailable in Editor batch mode",0.0986,0.0504,"1280x720","1280x720",1.0000,"None",True,2,""
"Taa","Taa","07_NightHeadlightsEmissive",2.5242,"FrameTimingManager",-1.0000,False,"unavailable in Editor batch mode",0.1258,0.0596,"1280x720","1280x720",1.0000,"None",True,2,""
"Taa","Taa","08_InteriorContrastDetails",2.5144,"FrameTimingManager",-1.0000,False,"unavailable in Editor batch mode",0.1220,0.0514,"1280x720","1280x720",1.0000,"None",True,2,""
"Taa","Taa","09_FieldOfViewChange",2.1541,"FrameTimingManager",-1.0000,False,"unavailable in Editor batch mode",0.1034,0.0506,"1280x720","1280x720",1.0000,"None",True,2,""
"Taa","Taa","10_ResolutionChange",2.0911,"FrameTimingManager",-1.0000,False,"unavailable in Editor batch mode",0.0970,0.0502,"960x540","960x540",1.0000,"None",True,2,""
"Taa","Taa","11_RuntimeAaSwitch",1.9298,"FrameTimingManager",-1.0000,False,"unavailable in Editor batch mode",0.0872,0.0547,"1280x720","1280x720",1.0000,"None",True,2,""
"Taa","Taa","12_TeleportOrSaveLoad",1.7464,"FrameTimingManager",-1.0000,False,"unavailable in Editor batch mode",0.0895,0.0464,"1280x720","1280x720",1.0000,"None",True,2,""
"Taa","Taa","13_HardCameraCut",1.7330,"FrameTimingManager",-1.0000,False,"unavailable in Editor batch mode",0.0884,0.0371,"1280x720","1280x720",1.0000,"None",True,2,""
"Taa","Taa","14_MultipleActiveCameras",3.4138,"FrameTimingManager",-1.0000,False,"unavailable in Editor batch mode",0.1796,0.0655,"1280x720","1280x720",1.0000,"None",True,2,""
"TemporalUpscaler","TemporalUpscaler","01_StaticOutdoor",2.3512,"FrameTimingManager",-1.0000,False,"unavailable in Editor batch mode",0.1785,0.0519,"1280x720","742x418",0.5797,"Dlss",True,2,""
"TemporalUpscaler","TemporalUpscaler","02_SlowWalk",1.9079,"FrameTimingManager",-1.0000,False,"unavailable in Editor batch mode",0.1469,0.0543,"1280x720","742x418",0.5797,"Dlss",True,2,""
"TemporalUpscaler","TemporalUpscaler","03_FastCameraTurn",2.2066,"FrameTimingManager",-1.0000,False,"unavailable in Editor batch mode",0.1744,0.0358,"1280x720","742x418",0.5797,"Dlss",True,2,""
"TemporalUpscaler","TemporalUpscaler","04_FastVehicle",2.4805,"FrameTimingManager",-1.0000,False,"unavailable in Editor batch mode",0.1927,0.0519,"1280x720","742x418",0.5797,"Dlss",True,2,""
"TemporalUpscaler","TemporalUpscaler","05_ForestGrassFoliage",2.3935,"FrameTimingManager",-1.0000,False,"unavailable in Editor batch mode",0.1823,0.0542,"1280x720","742x418",0.5797,"Dlss",True,2,""
"TemporalUpscaler","TemporalUpscaler","06_ThinGeometryAgainstSky",1.9393,"FrameTimingManager",-1.0000,False,"unavailable in Editor batch mode",0.1512,0.0516,"1280x720","742x418",0.5797,"Dlss",True,2,""
"TemporalUpscaler","TemporalUpscaler","07_NightHeadlightsEmissive",2.0036,"FrameTimingManager",-1.0000,False,"unavailable in Editor batch mode",0.1499,0.0525,"1280x720","742x418",0.5797,"Dlss",True,2,""
"TemporalUpscaler","TemporalUpscaler","08_InteriorContrastDetails",2.1087,"FrameTimingManager",-1.0000,False,"unavailable in Editor batch mode",0.1576,0.0473,"1280x720","742x418",0.5797,"Dlss",True,2,""
"TemporalUpscaler","TemporalUpscaler","09_FieldOfViewChange",6.5469,"FrameTimingManager",-1.0000,False,"unavailable in Editor batch mode",4.3398,0.0520,"1280x720","742x418",0.5797,"Dlss",True,2,""
"TemporalUpscaler","TemporalUpscaler","10_ResolutionChange",9.4097,"FrameTimingManager",-1.0000,False,"unavailable in Editor batch mode",7.0178,0.0535,"960x540","557x313",0.5796,"Dlss",True,2,""
"TemporalUpscaler","TemporalUpscaler","11_RuntimeAaSwitch",6.5580,"FrameTimingManager",-1.0000,False,"unavailable in Editor batch mode",4.2602,0.0568,"1280x720","742x418",0.5797,"Dlss",True,2,""
"TemporalUpscaler","TemporalUpscaler","12_TeleportOrSaveLoad",7.0049,"FrameTimingManager",-1.0000,False,"unavailable in Editor batch mode",4.6441,0.0512,"1280x720","742x418",0.5797,"Dlss",True,2,""
"TemporalUpscaler","TemporalUpscaler","13_HardCameraCut",6.7500,"FrameTimingManager",-1.0000,False,"unavailable in Editor batch mode",4.6467,0.0337,"1280x720","742x418",0.5797,"Dlss",True,2,""
"TemporalUpscaler","TemporalUpscaler","14_MultipleActiveCameras",3.5324,"FrameTimingManager",-1.0000,False,"unavailable in Editor batch mode",0.2682,0.0657,"1280x720","1280x720",1.0000,"Dlss",True,2,""
"MaximumQuality","MaximumQuality","01_StaticOutdoor",2.0654,"FrameTimingManager",-1.0000,False,"unavailable in Editor batch mode",0.1606,0.0572,"1280x720","1280x720",1.0000,"Dlss",True,2,""
"MaximumQuality","MaximumQuality","02_SlowWalk",2.0829,"FrameTimingManager",-1.0000,False,"unavailable in Editor batch mode",0.1562,0.0789,"1280x720","1280x720",1.0000,"Dlss",True,2,""
"MaximumQuality","MaximumQuality","03_FastCameraTurn",2.0146,"FrameTimingManager",-1.0000,False,"unavailable in Editor batch mode",0.1488,0.0341,"1280x720","1280x720",1.0000,"Dlss",True,2,""
"MaximumQuality","MaximumQuality","04_FastVehicle",2.1164,"FrameTimingManager",-1.0000,False,"unavailable in Editor batch mode",0.1691,0.0513,"1280x720","1280x720",1.0000,"Dlss",True,2,""
"MaximumQuality","MaximumQuality","05_ForestGrassFoliage",2.0892,"FrameTimingManager",-1.0000,False,"unavailable in Editor batch mode",0.1578,0.0528,"1280x720","1280x720",1.0000,"Dlss",True,2,""
"MaximumQuality","MaximumQuality","06_ThinGeometryAgainstSky",2.0380,"FrameTimingManager",-1.0000,False,"unavailable in Editor batch mode",0.1663,0.0528,"1280x720","1280x720",1.0000,"Dlss",True,2,""
"MaximumQuality","MaximumQuality","07_NightHeadlightsEmissive",2.0128,"FrameTimingManager",-1.0000,False,"unavailable in Editor batch mode",0.1554,0.0537,"1280x720","1280x720",1.0000,"Dlss",True,2,""
"MaximumQuality","MaximumQuality","08_InteriorContrastDetails",2.1080,"FrameTimingManager",-1.0000,False,"unavailable in Editor batch mode",0.1584,0.0480,"1280x720","1280x720",1.0000,"Dlss",True,2,""
"MaximumQuality","MaximumQuality","09_FieldOfViewChange",6.3766,"FrameTimingManager",-1.0000,False,"unavailable in Editor batch mode",4.3823,0.0546,"1280x720","1280x720",1.0000,"Dlss",True,2,""
"MaximumQuality","MaximumQuality","10_ResolutionChange",9.0922,"FrameTimingManager",-1.0000,False,"unavailable in Editor batch mode",6.9690,0.0516,"960x540","960x540",1.0000,"Dlss",True,2,""
"MaximumQuality","MaximumQuality","11_RuntimeAaSwitch",6.6994,"FrameTimingManager",-1.0000,False,"unavailable in Editor batch mode",4.5853,0.0571,"1280x720","1280x720",1.0000,"Dlss",True,2,""
"MaximumQuality","MaximumQuality","12_TeleportOrSaveLoad",5.9669,"FrameTimingManager",-1.0000,False,"unavailable in Editor batch mode",4.0061,0.0499,"1280x720","1280x720",1.0000,"Dlss",True,2,""
"MaximumQuality","MaximumQuality","13_HardCameraCut",6.3608,"FrameTimingManager",-1.0000,False,"unavailable in Editor batch mode",4.3784,0.0364,"1280x720","1280x720",1.0000,"Dlss",True,2,""
"MaximumQuality","MaximumQuality","14_MultipleActiveCameras",3.3294,"FrameTimingManager",-1.0000,False,"unavailable in Editor batch mode",0.2543,0.0613,"1280x720","1280x720",1.0000,"Dlss",True,2,""
