TaskId,ZoneId,Category,ReferenceRecordCount,Priority,Status,RequiredTool,Acceptance,Dependencies,Notes
"cdd129d9c6c5486018100df7752c3681","cell_0_-3","BuildingExterior","195","P0","Open","Blender or equivalent DCC (not found in PATH during 05A pre-flight)","Author, validate and bind 195 reference records without donor runtime dependencies.","World replacement registry; donor reference metadata","Grouped manual-art task; every unassigned ledger row links to this task ID."
"d7a4b63dde376532245d7b56337f9134","cell_0_-3","BuildingInterior","178","P1","Open","Blender or equivalent DCC (not found in PATH during 05A pre-flight)","Author, validate and bind 178 reference records without donor runtime dependencies.","World replacement registry; donor reference metadata","Grouped manual-art task; every unassigned ledger row links to this task ID."
"04ce5261c42bb63c02fa8e7cab0434c9","cell_0_-3","ColliderOnly","170","P3","Open","Blender/Substance-equivalent manual art pass","Author, validate and bind 170 reference records without donor runtime dependencies.","World replacement registry; donor reference metadata","Grouped manual-art task; every unassigned ledger row links to this task ID."
"dd29b67303bf7d7b43d82959eccab2d2","cell_0_-3","Door","16","P1","Open","Blender or equivalent DCC (not found in PATH during 05A pre-flight)","Author, validate and bind 16 reference records without donor runtime dependencies.","World replacement registry; donor reference metadata","Grouped manual-art task; every unassigned ledger row links to this task ID."
"d9635ca975c651bcb96181b03a2b6c92","cell_0_-3","Floor","5","P3","Open","Blender/Substance-equivalent manual art pass","Author, validate and bind 5 reference records without donor runtime dependencies.","World replacement registry; donor reference metadata","Grouped manual-art task; every unassigned ledger row links to this task ID."
"a2c0794983431624aa4b183d19ef5efa","cell_0_-3","InteractivePropCandidate","59","P3","Open","Blender/Substance-equivalent manual art pass","Author, validate and bind 59 reference records without donor runtime dependencies.","World replacement registry; donor reference metadata","Grouped manual-art task; every unassigned ledger row links to this task ID."
"e8089c2ca56a9b0dcf3be955c9332e94","cell_0_-3","Roof","15","P0","Open","Blender or equivalent DCC (not found in PATH during 05A pre-flight)","Author, validate and bind 15 reference records without donor runtime dependencies.","World replacement registry; donor reference metadata","Grouped manual-art task; every unassigned ledger row links to this task ID."
"2f29c1661437cddbfc786b761538530f","cell_0_-3","Window","9","P2","Open","Blender or equivalent DCC (not found in PATH during 05A pre-flight)","Author, validate and bind 9 reference records without donor runtime dependencies.","World replacement registry; donor reference metadata","Grouped manual-art task; every unassigned ledger row links to this task ID."
"ab0d78358b4c94a12aef9ba658fda085","cell_0_-2","ColliderOnly","4","P3","Open","Blender/Substance-equivalent manual art pass","Author, validate and bind 4 reference records without donor runtime dependencies.","World replacement registry; donor reference metadata","Grouped manual-art task; every unassigned ledger row links to this task ID."
"649b20b3dc8e1427a2db840332c2ffef","cell_0_-2","InteractivePropCandidate","2","P3","Open","Blender/Substance-equivalent manual art pass","Author, validate and bind 2 reference records without donor runtime dependencies.","World replacement registry; donor reference metadata","Grouped manual-art task; every unassigned ledger row links to this task ID."
"dc487b7830b69acec071eac0928ad060","cell_-1_-1","BuildingExterior","6","P0","Open","Blender or equivalent DCC (not found in PATH during 05A pre-flight)","Author, validate and bind 6 reference records without donor runtime dependencies.","World replacement registry; donor reference metadata","Grouped manual-art task; every unassigned ledger row links to this task ID."
"ab9be659231b1be630ecda854aa830cc","cell_-1_-1","ColliderOnly","2","P3","Open","Blender/Substance-equivalent manual art pass","Author, validate and bind 2 reference records without donor runtime dependencies.","World replacement registry; donor reference metadata","Grouped manual-art task; every unassigned ledger row links to this task ID."
"d74ccfd998de805e415f5ab625328933","cell_-1_-2","Water","1","P1","Open","Blender/Substance-equivalent manual art pass","Author, validate and bind 1 reference records without donor runtime dependencies.","World replacement registry; donor reference metadata","Grouped manual-art task; every unassigned ledger row links to this task ID."
"fd01a53ed03093f3ec677970f07a60c0","cell_-1_-3","InteractivePropCandidate","4","P3","Open","Blender/Substance-equivalent manual art pass","Author, validate and bind 4 reference records without donor runtime dependencies.","World replacement registry; donor reference metadata","Grouped manual-art task; every unassigned ledger row links to this task ID."
"84703a8b68b0926c8e8f599d96f90171","cell_-1_-3","StaticProp","1","P2","Open","Blender/Substance-equivalent manual art pass","Author, validate and bind 1 reference records without donor runtime dependencies.","World replacement registry; donor reference metadata","Grouped manual-art task; every unassigned ledger row links to this task ID."
"52f6880b03f208f171efc9913440f328","cell_-1_-4","BuildingExterior","2","P0","Open","Blender or equivalent DCC (not found in PATH during 05A pre-flight)","Author, validate and bind 2 reference records without donor runtime dependencies.","World replacement registry; donor reference metadata","Grouped manual-art task; every unassigned ledger row links to this task ID."
"5aa9b607c6115aed24d8a62831acefb5","cell_-1_-4","ColliderOnly","3","P3","Open","Blender/Substance-equivalent manual art pass","Author, validate and bind 3 reference records without donor runtime dependencies.","World replacement registry; donor reference metadata","Grouped manual-art task; every unassigned ledger row links to this task ID."
"7ddc35d1fe4fa69f30f94d454b303bdb","cell_-1_-4","InteractivePropCandidate","2","P3","Open","Blender/Substance-equivalent manual art pass","Author, validate and bind 2 reference records without donor runtime dependencies.","World replacement registry; donor reference metadata","Grouped manual-art task; every unassigned ledger row links to this task ID."
"a8491cc4e55bf1b4112206cd3b2c6b68","cell_-1_-4","SpawnMarker","1","P3","Open","Blender/Substance-equivalent manual art pass","Author, validate and bind 1 reference records without donor runtime dependencies.","World replacement registry; donor reference metadata","Grouped manual-art task; every unassigned ledger row links to this task ID."
"54e86573b1d9d2fbdc081d3fba0b8ba2","cell_-1_-4","UtilityPole","1","P1","Open","Blender/Substance-equivalent manual art pass","Author, validate and bind 1 reference records without donor runtime dependencies.","World replacement registry; donor reference metadata","Grouped manual-art task; every unassigned ledger row links to this task ID."
"bd5509874874ed1c2a2786bf76c5259a","cell_-1_-5","BuildingExterior","28","P0","Open","Blender or equivalent DCC (not found in PATH during 05A pre-flight)","Author, validate and bind 28 reference records without donor runtime dependencies.","World replacement registry; donor reference metadata","Grouped manual-art task; every unassigned ledger row links to this task ID."
"ca17888229c493b8dbf1df17ca43aee6","cell_-1_-5","ColliderOnly","14","P3","Open","Blender/Substance-equivalent manual art pass","Author, validate and bind 14 reference records without donor runtime dependencies.","World replacement registry; donor reference metadata","Grouped manual-art task; every unassigned ledger row links to this task ID."
"1b456c70c9ac5810f2993a8409f9d354","cell_-1_-5","Door","4","P1","Open","Blender or equivalent DCC (not found in PATH during 05A pre-flight)","Author, validate and bind 4 reference records without donor runtime dependencies.","World replacement registry; donor reference metadata","Grouped manual-art task; every unassigned ledger row links to this task ID."
"c68493988cbbd2fcf22631c2378a12bc","cell_-1_-5","Floor","2","P3","Open","Blender/Substance-equivalent manual art pass","Author, validate and bind 2 reference records without donor runtime dependencies.","World replacement registry; donor reference metadata","Grouped manual-art task; every unassigned ledger row links to this task ID."
"73558a230f78e20b215bcc31f385f193","cell_-1_-5","SpawnMarker","1","P3","Open","Blender/Substance-equivalent manual art pass","Author, validate and bind 1 reference records without donor runtime dependencies.","World replacement registry; donor reference metadata","Grouped manual-art task; every unassigned ledger row links to this task ID."
"05576fcf48f54ae647e6505fc6a76862","cell_-1_0","BuildingExterior","1","P0","Open","Blender or equivalent DCC (not found in PATH during 05A pre-flight)","Author, validate and bind 1 reference records without donor runtime dependencies.","World replacement registry; donor reference metadata","Grouped manual-art task; every unassigned ledger row links to this task ID."
"81e64305ce2442758974ba4054706322","cell_-1_0","ColliderOnly","3","P3","Open","Blender/Substance-equivalent manual art pass","Author, validate and bind 3 reference records without donor runtime dependencies.","World replacement registry; donor reference metadata","Grouped manual-art task; every unassigned ledger row links to this task ID."
"b35894b6dbf488694d28d7343dedaa42","cell_-1_0","Door","3","P1","Open","Blender or equivalent DCC (not found in PATH during 05A pre-flight)","Author, validate and bind 3 reference records without donor runtime dependencies.","World replacement registry; donor reference metadata","Grouped manual-art task; every unassigned ledger row links to this task ID."
"7c0a546b0ad09d014d66019ce12d97a2","cell_-1_0","Roof","6","P0","Open","Blender or equivalent DCC (not found in PATH during 05A pre-flight)","Author, validate and bind 6 reference records without donor runtime dependencies.","World replacement registry; donor reference metadata","Grouped manual-art task; every unassigned ledger row links to this task ID."
"75c1e0d09d74b30c1edafc9213585008","cell_-1_0","StaticProp","14","P2","Open","Blender/Substance-equivalent manual art pass","Author, validate and bind 14 reference records without donor runtime dependencies.","World replacement registry; donor reference metadata","Grouped manual-art task; every unassigned ledger row links to this task ID."
"3b2086c6ae691a2f87c8c23f663f0fce","cell_-1_0","Window","1","P2","Open","Blender or equivalent DCC (not found in PATH during 05A pre-flight)","Author, validate and bind 1 reference records without donor runtime dependencies.","World replacement registry; donor reference metadata","Grouped manual-art task; every unassigned ledger row links to this task ID."
"4e175ac8d7b5f8a275ced481139653ff","cell_-1_1","ColliderOnly","1","P3","Open","Blender/Substance-equivalent manual art pass","Author, validate and bind 1 reference records without donor runtime dependencies.","World replacement registry; donor reference metadata","Grouped manual-art task; every unassigned ledger row links to this task ID."
"9f311ce28e08527c8eefc5d02bc60d8d","cell_-1_1","Door","4","P1","Open","Blender or equivalent DCC (not found in PATH during 05A pre-flight)","Author, validate and bind 4 reference records without donor runtime dependencies.","World replacement registry; donor reference metadata","Grouped manual-art task; every unassigned ledger row links to this task ID."
"ee85ba2b7563dc4b9c05c3cfede3c5f0","cell_-1_1","Road","1","P0","Open","Unity terrain/spline authoring plus DCC review","Author, validate and bind 1 reference records without donor runtime dependencies.","World replacement registry; donor reference metadata","Grouped manual-art task; every unassigned ledger row links to this task ID."
"c9d05c78eb30ff80647d697aca5f2476","cell_-1_1","RoadSign","2","P3","Open","Blender/Substance-equivalent manual art pass","Author, validate and bind 2 reference records without donor runtime dependencies.","World replacement registry; donor reference metadata","Grouped manual-art task; every unassigned ledger row links to this task ID."
"5229acb4057beffd43acfe6ff7c71954","cell_-1_1","Roof","4","P0","Open","Blender or equivalent DCC (not found in PATH during 05A pre-flight)","Author, validate and bind 4 reference records without donor runtime dependencies.","World replacement registry; donor reference metadata","Grouped manual-art task; every unassigned ledger row links to this task ID."
"7131c957c204e9261fe9f513a15b59c4","cell_-1_1","StaticProp","8","P2","Open","Blender/Substance-equivalent manual art pass","Author, validate and bind 8 reference records without donor runtime dependencies.","World replacement registry; donor reference metadata","Grouped manual-art task; every unassigned ledger row links to this task ID."
"d330e4b0254347452ae735a632f22b52","cell_-2_-2","BuildingExterior","65","P0","Open","Blender or equivalent DCC (not found in PATH during 05A pre-flight)","Author, validate and bind 65 reference records without donor runtime dependencies.","World replacement registry; donor reference metadata","Grouped manual-art task; every unassigned ledger row links to this task ID."
"c77518f35d9659abf6aa9342c6f1cb24","cell_-2_-2","BuildingInterior","2","P1","Open","Blender or equivalent DCC (not found in PATH during 05A pre-flight)","Author, validate and bind 2 reference records without donor runtime dependencies.","World replacement registry; donor reference metadata","Grouped manual-art task; every unassigned ledger row links to this task ID."
"b67051c0e2d1d085d7d31e19cafbfc19","cell_-2_-2","ColliderOnly","42","P3","Open","Blender/Substance-equivalent manual art pass","Author, validate and bind 42 reference records without donor runtime dependencies.","World replacement registry; donor reference metadata","Grouped manual-art task; every unassigned ledger row links to this task ID."
"04e0ea46e9052fda8cb2800c837c2924","cell_-2_-2","Door","1","P1","Open","Blender or equivalent DCC (not found in PATH during 05A pre-flight)","Author, validate and bind 1 reference records without donor runtime dependencies.","World replacement registry; donor reference metadata","Grouped manual-art task; every unassigned ledger row links to this task ID."
"62e055df045497a637a2ab243627c8b3","cell_-2_-2","Floor","2","P3","Open","Blender/Substance-equivalent manual art pass","Author, validate and bind 2 reference records without donor runtime dependencies.","World replacement registry; donor reference metadata","Grouped manual-art task; every unassigned ledger row links to this task ID."
"8851e5c197c02c6fbc3608533ec301ad","cell_-2_-2","InteractivePropCandidate","1","P3","Open","Blender/Substance-equivalent manual art pass","Author, validate and bind 1 reference records without donor runtime dependencies.","World replacement registry; donor reference metadata","Grouped manual-art task; every unassigned ledger row links to this task ID."
"db5fb60c325df0e6ec3a676ca3bf59b8","cell_-2_-2","Roof","4","P0","Open","Blender or equivalent DCC (not found in PATH during 05A pre-flight)","Author, validate and bind 4 reference records without donor runtime dependencies.","World replacement registry; donor reference metadata","Grouped manual-art task; every unassigned ledger row links to this task ID."
"71f66f03924a6fffb9df06a1643a8a20","cell_-2_-2","SpawnMarker","1","P3","Open","Blender/Substance-equivalent manual art pass","Author, validate and bind 1 reference records without donor runtime dependencies.","World replacement registry; donor reference metadata","Grouped manual-art task; every unassigned ledger row links to this task ID."
"a69cdc316b06369f62585d73f80cf8c0","cell_-2_-2","Window","2","P2","Open","Blender or equivalent DCC (not found in PATH during 05A pre-flight)","Author, validate and bind 2 reference records without donor runtime dependencies.","World replacement registry; donor reference metadata","Grouped manual-art task; every unassigned ledger row links to this task ID."
"86850acbd3dc314e34f9173e2392ba3f","cell_-2_-3","ColliderOnly","1","P3","Open","Blender/Substance-equivalent manual art pass","Author, validate and bind 1 reference records without donor runtime dependencies.","World replacement registry; donor reference metadata","Grouped manual-art task; every unassigned ledger row links to this task ID."
"53dfb65b37bed48361e293f32a44716e","cell_-2_-3","InteractivePropCandidate","13","P3","Open","Blender/Substance-equivalent manual art pass","Author, validate and bind 13 reference records without donor runtime dependencies.","World replacement registry; donor reference metadata","Grouped manual-art task; every unassigned ledger row links to this task ID."
"fc5b36cff8b36abd587ada0f8481d2c0","cell_-2_-4","BuildingExterior","2","P0","Open","Blender or equivalent DCC (not found in PATH during 05A pre-flight)","Author, validate and bind 2 reference records without donor runtime dependencies.","World replacement registry; donor reference metadata","Grouped manual-art task; every unassigned ledger row links to this task ID."
"197ba2ee2d41218869c908cfd2f1fe50","cell_-2_-4","ColliderOnly","19","P3","Open","Blender/Substance-equivalent manual art pass","Author, validate and bind 19 reference records without donor runtime dependencies.","World replacement registry; donor reference metadata","Grouped manual-art task; every unassigned ledger row links to this task ID."
"e4d74d252c2b5ad08b04de9702e8214f","cell_-2_-4","InteractivePropCandidate","75","P3","Open","Blender/Substance-equivalent manual art pass","Author, validate and bind 75 reference records without donor runtime dependencies.","World replacement registry; donor reference metadata","Grouped manual-art task; every unassigned ledger row links to this task ID."
"fd532e56df8f2ebb58785ba2dd14656e","cell_-2_-4","Landmark","1","P3","Open","Blender/Substance-equivalent manual art pass","Author, validate and bind 1 reference records without donor runtime dependencies.","World replacement registry; donor reference metadata","Grouped manual-art task; every unassigned ledger row links to this task ID."
"d26b2f17370f6e28557d66c8e6410800","cell_-2_-4","Roof","1","P0","Open","Blender or equivalent DCC (not found in PATH during 05A pre-flight)","Author, validate and bind 1 reference records without donor runtime dependencies.","World replacement registry; donor reference metadata","Grouped manual-art task; every unassigned ledger row links to this task ID."
"4342108946be1e062e66c3ddd1c7afb1","cell_-2_-4","SpawnMarker","1","P3","Open","Blender/Substance-equivalent manual art pass","Author, validate and bind 1 reference records without donor runtime dependencies.","World replacement registry; donor reference metadata","Grouped manual-art task; every unassigned ledger row links to this task ID."
"4af8bb19f07842b07b3b32a7de0a3002","cell_-2_-4","StaticProp","4","P2","Open","Blender/Substance-equivalent manual art pass","Author, validate and bind 4 reference records without donor runtime dependencies.","World replacement registry; donor reference metadata","Grouped manual-art task; every unassigned ledger row links to this task ID."
"23fd35727fc35694b091d5dabb749820","cell_-2_-4","UtilityPole","1","P1","Open","Blender/Substance-equivalent manual art pass","Author, validate and bind 1 reference records without donor runtime dependencies.","World replacement registry; donor reference metadata","Grouped manual-art task; every unassigned ledger row links to this task ID."
"d434512dd7b77f00098d1f8f03cdd2c3","cell_-2_-4","Window","2","P2","Open","Blender or equivalent DCC (not found in PATH during 05A pre-flight)","Author, validate and bind 2 reference records without donor runtime dependencies.","World replacement registry; donor reference metadata","Grouped manual-art task; every unassigned ledger row links to this task ID."
"a72893a94a1ba79f6e8ee95509184abd","cell_-2_-5","ColliderOnly","2","P3","Open","Blender/Substance-equivalent manual art pass","Author, validate and bind 2 reference records without donor runtime dependencies.","World replacement registry; donor reference metadata","Grouped manual-art task; every unassigned ledger row links to this task ID."
"985b639d7a5e9114a01757d84841ec0c","cell_-2_-5","RoadSign","2","P3","Open","Blender/Substance-equivalent manual art pass","Author, validate and bind 2 reference records without donor runtime dependencies.","World replacement registry; donor reference metadata","Grouped manual-art task; every unassigned ledger row links to this task ID."
"af755276b2c46c3478d3d2deb7add508","cell_-2_-5","StaticProp","1","P2","Open","Blender/Substance-equivalent manual art pass","Author, validate and bind 1 reference records without donor runtime dependencies.","World replacement registry; donor reference metadata","Grouped manual-art task; every unassigned ledger row links to this task ID."
"c62bc68770ca89c4fcb3bc16a82ac82f","cell_-2_0","BuildingExterior","10","P0","Open","Blender or equivalent DCC (not found in PATH during 05A pre-flight)","Author, validate and bind 10 reference records without donor runtime dependencies.","World replacement registry; donor reference metadata","Grouped manual-art task; every unassigned ledger row links to this task ID."
"33597b294f056e8345db76266652975c","cell_-2_0","ColliderOnly","6","P3","Open","Blender/Substance-equivalent manual art pass","Author, validate and bind 6 reference records without donor runtime dependencies.","World replacement registry; donor reference metadata","Grouped manual-art task; every unassigned ledger row links to this task ID."
"11f58d19e38b3418e86c557b9f725d41","cell_-2_0","Door","5","P1","Open","Blender or equivalent DCC (not found in PATH during 05A pre-flight)","Author, validate and bind 5 reference records without donor runtime dependencies.","World replacement registry; donor reference metadata","Grouped manual-art task; every unassigned ledger row links to this task ID."
"32531fbee93533da8918f0427b04a7f4","cell_-2_0","InteractivePropCandidate","6","P3","Open","Blender/Substance-equivalent manual art pass","Author, validate and bind 6 reference records without donor runtime dependencies.","World replacement registry; donor reference metadata","Grouped manual-art task; every unassigned ledger row links to this task ID."
"4b3313ff5a869251e7266fd57a1638b1","cell_-2_0","Roof","8","P0","Open","Blender or equivalent DCC (not found in PATH during 05A pre-flight)","Author, validate and bind 8 reference records without donor runtime dependencies.","World replacement registry; donor reference metadata","Grouped manual-art task; every unassigned ledger row links to this task ID."
"0234f7bc40971d2e83d0eab3a8f879f3","cell_-2_0","StaticProp","30","P2","Open","Blender/Substance-equivalent manual art pass","Author, validate and bind 30 reference records without donor runtime dependencies.","World replacement registry; donor reference metadata","Grouped manual-art task; every unassigned ledger row links to this task ID."
"77317eb50b2b79d05a17354321b262bb","cell_-2_1","ColliderOnly","1","P3","Open","Blender/Substance-equivalent manual art pass","Author, validate and bind 1 reference records without donor runtime dependencies.","World replacement registry; donor reference metadata","Grouped manual-art task; every unassigned ledger row links to this task ID."
"74bd1f03f538c66921ba5b9fe96de765","cell_-2_1","Door","3","P1","Open","Blender or equivalent DCC (not found in PATH during 05A pre-flight)","Author, validate and bind 3 reference records without donor runtime dependencies.","World replacement registry; donor reference metadata","Grouped manual-art task; every unassigned ledger row links to this task ID."
"5fb3873ea3f08c39c2b17494d89ec2e5","cell_-2_1","Roof","2","P0","Open","Blender or equivalent DCC (not found in PATH during 05A pre-flight)","Author, validate and bind 2 reference records without donor runtime dependencies.","World replacement registry; donor reference metadata","Grouped manual-art task; every unassigned ledger row links to this task ID."
"f8518f23ed34ee12a89e23b2ba473bb6","cell_-2_1","StaticProp","8","P2","Open","Blender/Substance-equivalent manual art pass","Author, validate and bind 8 reference records without donor runtime dependencies.","World replacement registry; donor reference metadata","Grouped manual-art task; every unassigned ledger row links to this task ID."
"f4cc44d5724c6a8db516427ebf6d1304","cell_-2_1","Window","1","P2","Open","Blender or equivalent DCC (not found in PATH during 05A pre-flight)","Author, validate and bind 1 reference records without donor runtime dependencies.","World replacement registry; donor reference metadata","Grouped manual-art task; every unassigned ledger row links to this task ID."
"cae32706e45b115a49c3885836fc9417","cell_-3_-1","Road","1","P0","Open","Unity terrain/spline authoring plus DCC review","Author, validate and bind 1 reference records without donor runtime dependencies.","World replacement registry; donor reference metadata","Grouped manual-art task; every unassigned ledger row links to this task ID."
"d05d431651bdd434b68451dedeaceaed","cell_-3_-1","RoadSign","12","P3","Open","Blender/Substance-equivalent manual art pass","Author, validate and bind 12 reference records without donor runtime dependencies.","World replacement registry; donor reference metadata","Grouped manual-art task; every unassigned ledger row links to this task ID."
"399bc910d717ca500b096891aa8d4a06","cell_-3_-1","Rock","1","P3","Open","Blender/Substance-equivalent manual art pass","Author, validate and bind 1 reference records without donor runtime dependencies.","World replacement registry; donor reference metadata","Grouped manual-art task; every unassigned ledger row links to this task ID."
"13f2c08230138bf89bff1cad747e9ab6","cell_-3_-1","UtilityPole","3","P1","Open","Blender/Substance-equivalent manual art pass","Author, validate and bind 3 reference records without donor runtime dependencies.","World replacement registry; donor reference metadata","Grouped manual-art task; every unassigned ledger row links to this task ID."
"42ae03a92c279eefe5718723a31ba54f","cell_-3_-2","Door","2","P1","Open","Blender or equivalent DCC (not found in PATH during 05A pre-flight)","Author, validate and bind 2 reference records without donor runtime dependencies.","World replacement registry; donor reference metadata","Grouped manual-art task; every unassigned ledger row links to this task ID."
"7fbca5d2fb8a26a8dccb1d8dcdefab95","cell_-3_-2","Road","1","P0","Open","Unity terrain/spline authoring plus DCC review","Author, validate and bind 1 reference records without donor runtime dependencies.","World replacement registry; donor reference metadata","Grouped manual-art task; every unassigned ledger row links to this task ID."
"1c1f9053e33ac07b2ebc487d3d7cb9bf","cell_-3_-2","RoadSign","4","P3","Open","Blender/Substance-equivalent manual art pass","Author, validate and bind 4 reference records without donor runtime dependencies.","World replacement registry; donor reference metadata","Grouped manual-art task; every unassigned ledger row links to this task ID."
"2abf5c92ef4b27233c2e93a10c8f32f1","cell_-3_-2","Roof","2","P0","Open","Blender or equivalent DCC (not found in PATH during 05A pre-flight)","Author, validate and bind 2 reference records without donor runtime dependencies.","World replacement registry; donor reference metadata","Grouped manual-art task; every unassigned ledger row links to this task ID."
"c9d4782727d431ad009205845f17f0da","cell_-3_-2","StaticProp","2","P2","Open","Blender/Substance-equivalent manual art pass","Author, validate and bind 2 reference records without donor runtime dependencies.","World replacement registry; donor reference metadata","Grouped manual-art task; every unassigned ledger row links to this task ID."
"f9591a37fe8744b04406d525410acc6d","cell_-3_-3","ColliderOnly","6","P3","Open","Blender/Substance-equivalent manual art pass","Author, validate and bind 6 reference records without donor runtime dependencies.","World replacement registry; donor reference metadata","Grouped manual-art task; every unassigned ledger row links to this task ID."
"0435ccb5ade47280c7ed01dee78cb12f","cell_-3_-3","Road","1","P0","Open","Unity terrain/spline authoring plus DCC review","Author, validate and bind 1 reference records without donor runtime dependencies.","World replacement registry; donor reference metadata","Grouped manual-art task; every unassigned ledger row links to this task ID."
"5466dd8023b3fafa7f21c049d4cd09e0","cell_-3_-3","RoadSign","12","P3","Open","Blender/Substance-equivalent manual art pass","Author, validate and bind 12 reference records without donor runtime dependencies.","World replacement registry; donor reference metadata","Grouped manual-art task; every unassigned ledger row links to this task ID."
"27b404e5fb83f2486afc5c0c5f2d8de6","cell_-3_-3","SpawnMarker","1","P3","Open","Blender/Substance-equivalent manual art pass","Author, validate and bind 1 reference records without donor runtime dependencies.","World replacement registry; donor reference metadata","Grouped manual-art task; every unassigned ledger row links to this task ID."
"9068f99540dec39ea1e0a0558ceb6a24","cell_-3_-3","StaticProp","2","P2","Open","Blender/Substance-equivalent manual art pass","Author, validate and bind 2 reference records without donor runtime dependencies.","World replacement registry; donor reference metadata","Grouped manual-art task; every unassigned ledger row links to this task ID."
"9d604d53ff89178665c88a5856923c6c","cell_-3_-3","UtilityPole","3","P1","Open","Blender/Substance-equivalent manual art pass","Author, validate and bind 3 reference records without donor runtime dependencies.","World replacement registry; donor reference metadata","Grouped manual-art task; every unassigned ledger row links to this task ID."
"d7a05f326e8c3efa88554f15f190afca","cell_-3_-4","BuildingExterior","31","P0","Open","Blender or equivalent DCC (not found in PATH during 05A pre-flight)","Author, validate and bind 31 reference records without donor runtime dependencies.","World replacement registry; donor reference metadata","Grouped manual-art task; every unassigned ledger row links to this task ID."
"c990c0617269ba5b6ab41d0b52829e65","cell_-3_-4","BuildingInterior","1","P1","Open","Blender or equivalent DCC (not found in PATH during 05A pre-flight)","Author, validate and bind 1 reference records without donor runtime dependencies.","World replacement registry; donor reference metadata","Grouped manual-art task; every unassigned ledger row links to this task ID."
"b8a99b063fd922e991afea6bf4ea5799","cell_-3_-4","ColliderOnly","25","P3","Open","Blender/Substance-equivalent manual art pass","Author, validate and bind 25 reference records without donor runtime dependencies.","World replacement registry; donor reference metadata","Grouped manual-art task; every unassigned ledger row links to this task ID."
"433317f43d52b0fbc76033aa9c021421","cell_-3_-4","Door","3","P1","Open","Blender or equivalent DCC (not found in PATH during 05A pre-flight)","Author, validate and bind 3 reference records without donor runtime dependencies.","World replacement registry; donor reference metadata","Grouped manual-art task; every unassigned ledger row links to this task ID."
"28441b14996b70578ff3a14f3ff6bbef","cell_-3_-4","InteractivePropCandidate","70","P3","Open","Blender/Substance-equivalent manual art pass","Author, validate and bind 70 reference records without donor runtime dependencies.","World replacement registry; donor reference metadata","Grouped manual-art task; every unassigned ledger row links to this task ID."
"d067ce18233979dd109c1d32b72e2b97","cell_-3_-4","Road","2","P0","Open","Unity terrain/spline authoring plus DCC review","Author, validate and bind 2 reference records without donor runtime dependencies.","World replacement registry; donor reference metadata","Grouped manual-art task; every unassigned ledger row links to this task ID."
"47a17536db23273cac60ca4f361feb57","cell_-3_-4","RoadSign","18","P3","Open","Blender/Substance-equivalent manual art pass","Author, validate and bind 18 reference records without donor runtime dependencies.","World replacement registry; donor reference metadata","Grouped manual-art task; every unassigned ledger row links to this task ID."
"381f7c5c3f1af42b3b807ae5646bfa4e","cell_-3_-4","Roof","5","P0","Open","Blender or equivalent DCC (not found in PATH during 05A pre-flight)","Author, validate and bind 5 reference records without donor runtime dependencies.","World replacement registry; donor reference metadata","Grouped manual-art task; every unassigned ledger row links to this task ID."
"d0ab958a11094e79160e40e9e08f3e9e","cell_-3_-4","StaticProp","8","P2","Open","Blender/Substance-equivalent manual art pass","Author, validate and bind 8 reference records without donor runtime dependencies.","World replacement registry; donor reference metadata","Grouped manual-art task; every unassigned ledger row links to this task ID."
"2e656e247bb3923c4f5615097e0c277f","cell_-3_-4","UtilityPole","1","P1","Open","Blender/Substance-equivalent manual art pass","Author, validate and bind 1 reference records without donor runtime dependencies.","World replacement registry; donor reference metadata","Grouped manual-art task; every unassigned ledger row links to this task ID."
"cd11df69dc32567b15df3945e58b5cdd","cell_-3_-4","Window","2","P2","Open","Blender or equivalent DCC (not found in PATH during 05A pre-flight)","Author, validate and bind 2 reference records without donor runtime dependencies.","World replacement registry; donor reference metadata","Grouped manual-art task; every unassigned ledger row links to this task ID."
"7e70cef378bfa7dd70a033c2bcc231cf","cell_-3_0","BuildingExterior","876","P0","Open","Blender or equivalent DCC (not found in PATH during 05A pre-flight)","Author, validate and bind 876 reference records without donor runtime dependencies.","World replacement registry; donor reference metadata","Grouped manual-art task; every unassigned ledger row links to this task ID."
"8c72a01c149257afc7bfe28460b5ab37","cell_-3_0","BuildingInterior","22","P1","Open","Blender or equivalent DCC (not found in PATH during 05A pre-flight)","Author, validate and bind 22 reference records without donor runtime dependencies.","World replacement registry; donor reference metadata","Grouped manual-art task; every unassigned ledger row links to this task ID."
"316d821deeff35d881d975eb56da4237","cell_-3_0","ColliderOnly","262","P3","Open","Blender/Substance-equivalent manual art pass","Author, validate and bind 262 reference records without donor runtime dependencies.","World replacement registry; donor reference metadata","Grouped manual-art task; every unassigned ledger row links to this task ID."
"383ccdd5969d2804815e45869aaccf5c","cell_-3_0","Door","34","P1","Open","Blender or equivalent DCC (not found in PATH during 05A pre-flight)","Author, validate and bind 34 reference records without donor runtime dependencies.","World replacement registry; donor reference metadata","Grouped manual-art task; every unassigned ledger row links to this task ID."
"da326de0f14e25660284ab55bebabf19","cell_-3_0","Fence","18","P2","Open","Blender/Substance-equivalent manual art pass","Author, validate and bind 18 reference records without donor runtime dependencies.","World replacement registry; donor reference metadata","Grouped manual-art task; every unassigned ledger row links to this task ID."
"84fee9c5c87f4dffbde2d9b5c3b24ec5","cell_-3_0","Floor","7","P3","Open","Blender/Substance-equivalent manual art pass","Author, validate and bind 7 reference records without donor runtime dependencies.","World replacement registry; donor reference metadata","Grouped manual-art task; every unassigned ledger row links to this task ID."
"4330481d5627b04acb1b2980d6b3fd9a","cell_-3_0","InteractivePropCandidate","114","P3","Open","Blender/Substance-equivalent manual art pass","Author, validate and bind 114 reference records without donor runtime dependencies.","World replacement registry; donor reference metadata","Grouped manual-art task; every unassigned ledger row links to this task ID."
"a83e8903611109ea2fe5e6f56ef78aff","cell_-3_0","Landmark","7","P3","Open","Blender/Substance-equivalent manual art pass","Author, validate and bind 7 reference records without donor runtime dependencies.","World replacement registry; donor reference metadata","Grouped manual-art task; every unassigned ledger row links to this task ID."
"2724857c420c11d203f967d87736522e","cell_-3_0","Road","4","P0","Open","Unity terrain/spline authoring plus DCC review","Author, validate and bind 4 reference records without donor runtime dependencies.","World replacement registry; donor reference metadata","Grouped manual-art task; every unassigned ledger row links to this task ID."
"415c6efdc7545b7b96135ea7ec00c6c3","cell_-3_0","RoadSign","21","P3","Open","Blender/Substance-equivalent manual art pass","Author, validate and bind 21 reference records without donor runtime dependencies.","World replacement registry; donor reference metadata","Grouped manual-art task; every unassigned ledger row links to this task ID."
"c231cfff88680af522ebd29185bee55f","cell_-3_0","Roof","32","P0","Open","Blender or equivalent DCC (not found in PATH during 05A pre-flight)","Author, validate and bind 32 reference records without donor runtime dependencies.","World replacement registry; donor reference metadata","Grouped manual-art task; every unassigned ledger row links to this task ID."
"9befcfae9698f1c1609569711d9af822","cell_-3_0","SpawnMarker","3","P3","Open","Blender/Substance-equivalent manual art pass","Author, validate and bind 3 reference records without donor runtime dependencies.","World replacement registry; donor reference metadata","Grouped manual-art task; every unassigned ledger row links to this task ID."
"dce5b7e03b7eea3e4d81be840a545919","cell_-3_0","StaticProp","13","P2","Open","Blender/Substance-equivalent manual art pass","Author, validate and bind 13 reference records without donor runtime dependencies.","World replacement registry; donor reference metadata","Grouped manual-art task; every unassigned ledger row links to this task ID."
"52cc4cf62d3aab0baaa33c3e2d4a020c","cell_-3_0","UtilityPole","2","P1","Open","Blender/Substance-equivalent manual art pass","Author, validate and bind 2 reference records without donor runtime dependencies.","World replacement registry; donor reference metadata","Grouped manual-art task; every unassigned ledger row links to this task ID."
"6621f470b88b6e8c38b97af0178baa93","cell_-3_0","Water","3","P1","Open","Blender/Substance-equivalent manual art pass","Author, validate and bind 3 reference records without donor runtime dependencies.","World replacement registry; donor reference metadata","Grouped manual-art task; every unassigned ledger row links to this task ID."
"d3b0999199607fb615b850d7301e3b03","cell_-3_0","Window","38","P2","Open","Blender or equivalent DCC (not found in PATH during 05A pre-flight)","Author, validate and bind 38 reference records without donor runtime dependencies.","World replacement registry; donor reference metadata","Grouped manual-art task; every unassigned ledger row links to this task ID."
"db11f43a51dcfca6bcc8192fa9201f77","cell_-4_-1","StaticProp","5","P2","Open","Blender/Substance-equivalent manual art pass","Author, validate and bind 5 reference records without donor runtime dependencies.","World replacement registry; donor reference metadata","Grouped manual-art task; every unassigned ledger row links to this task ID."
"cbbd94c23b3641bb1f9cae47f553e2ce","cell_-4_-1","UtilityPole","1","P1","Open","Blender/Substance-equivalent manual art pass","Author, validate and bind 1 reference records without donor runtime dependencies.","World replacement registry; donor reference metadata","Grouped manual-art task; every unassigned ledger row links to this task ID."
"4cab163025cd81844ac92572878aa2ed","cell_-4_-1","Wire","2","P3","Open","Blender/Substance-equivalent manual art pass","Author, validate and bind 2 reference records without donor runtime dependencies.","World replacement registry; donor reference metadata","Grouped manual-art task; every unassigned ledger row links to this task ID."
"dcb42add331748ac44c713fc648fc4bb","cell_-4_-3","ColliderOnly","1","P3","Open","Blender/Substance-equivalent manual art pass","Author, validate and bind 1 reference records without donor runtime dependencies.","World replacement registry; donor reference metadata","Grouped manual-art task; every unassigned ledger row links to this task ID."
"84be74673109c4d36f33cdde1383c422","cell_-4_-3","StaticProp","9","P2","Open","Blender/Substance-equivalent manual art pass","Author, validate and bind 9 reference records without donor runtime dependencies.","World replacement registry; donor reference metadata","Grouped manual-art task; every unassigned ledger row links to this task ID."
"442888133df0729a6b1c777582652bf3","cell_-4_-3","VegetationGrass","1","P3","Open","Vegetation DCC/SpeedTree-equivalent manual authoring","Author, validate and bind 1 reference records without donor runtime dependencies.","World replacement registry; donor reference metadata","Grouped manual-art task; every unassigned ledger row links to this task ID."
"34701b154d60eac9186a766b08f30b6a","cell_-4_0","ColliderOnly","6","P3","Open","Blender/Substance-equivalent manual art pass","Author, validate and bind 6 reference records without donor runtime dependencies.","World replacement registry; donor reference metadata","Grouped manual-art task; every unassigned ledger row links to this task ID."
"3adf02517e3761a955c0bb93ddb1e479","cell_-4_0","Door","2","P1","Open","Blender or equivalent DCC (not found in PATH during 05A pre-flight)","Author, validate and bind 2 reference records without donor runtime dependencies.","World replacement registry; donor reference metadata","Grouped manual-art task; every unassigned ledger row links to this task ID."
"5171dffebb8d5351bd5cebf276bb7559","cell_-4_0","RoadSign","6","P3","Open","Blender/Substance-equivalent manual art pass","Author, validate and bind 6 reference records without donor runtime dependencies.","World replacement registry; donor reference metadata","Grouped manual-art task; every unassigned ledger row links to this task ID."
"44f5ea128cd3d14fa3b6f5708a1bc23c","cell_-4_0","Roof","2","P0","Open","Blender or equivalent DCC (not found in PATH during 05A pre-flight)","Author, validate and bind 2 reference records without donor runtime dependencies.","World replacement registry; donor reference metadata","Grouped manual-art task; every unassigned ledger row links to this task ID."
"c2ea3e16e50f41a95a95b7021efef1d9","cell_-4_0","StaticProp","3","P2","Open","Blender/Substance-equivalent manual art pass","Author, validate and bind 3 reference records without donor runtime dependencies.","World replacement registry; donor reference metadata","Grouped manual-art task; every unassigned ledger row links to this task ID."
"a08d4896cb0c63ba44f7f12e076f23c6","cell_-4_1","ColliderOnly","1","P3","Open","Blender/Substance-equivalent manual art pass","Author, validate and bind 1 reference records without donor runtime dependencies.","World replacement registry; donor reference metadata","Grouped manual-art task; every unassigned ledger row links to this task ID."
"5b26cc5a2ee82776bc3c701089c69782","cell_-4_1","Door","2","P1","Open","Blender or equivalent DCC (not found in PATH during 05A pre-flight)","Author, validate and bind 2 reference records without donor runtime dependencies.","World replacement registry; donor reference metadata","Grouped manual-art task; every unassigned ledger row links to this task ID."
"9439a9658d656533533449c316ce9d97","cell_-4_1","Roof","2","P0","Open","Blender or equivalent DCC (not found in PATH during 05A pre-flight)","Author, validate and bind 2 reference records without donor runtime dependencies.","World replacement registry; donor reference metadata","Grouped manual-art task; every unassigned ledger row links to this task ID."
"2ea71b406c3e510da2a6691e08eb93d5","cell_-4_1","StaticProp","6","P2","Open","Blender/Substance-equivalent manual art pass","Author, validate and bind 6 reference records without donor runtime dependencies.","World replacement registry; donor reference metadata","Grouped manual-art task; every unassigned ledger row links to this task ID."
"443827f980f8c42bcb171ae691ef16ca","cell_0_-1","BuildingExterior","58","P0","Open","Blender or equivalent DCC (not found in PATH during 05A pre-flight)","Author, validate and bind 58 reference records without donor runtime dependencies.","World replacement registry; donor reference metadata","Grouped manual-art task; every unassigned ledger row links to this task ID."
"fe6e1b38f07f124c9b0e96492a3e5d74","cell_0_-1","BuildingInterior","1","P1","Open","Blender or equivalent DCC (not found in PATH during 05A pre-flight)","Author, validate and bind 1 reference records without donor runtime dependencies.","World replacement registry; donor reference metadata","Grouped manual-art task; every unassigned ledger row links to this task ID."
"18578c39fdcdbb356851655e83d8da29","cell_0_-1","ColliderOnly","20","P3","Open","Blender/Substance-equivalent manual art pass","Author, validate and bind 20 reference records without donor runtime dependencies.","World replacement registry; donor reference metadata","Grouped manual-art task; every unassigned ledger row links to this task ID."
"a55f519a8936462b2d6143cc7a2463de","cell_0_-1","Door","3","P1","Open","Blender or equivalent DCC (not found in PATH during 05A pre-flight)","Author, validate and bind 3 reference records without donor runtime dependencies.","World replacement registry; donor reference metadata","Grouped manual-art task; every unassigned ledger row links to this task ID."
"1d3d38cce98afbe3e529a5c57351c555","cell_0_-1","Floor","1","P3","Open","Blender/Substance-equivalent manual art pass","Author, validate and bind 1 reference records without donor runtime dependencies.","World replacement registry; donor reference metadata","Grouped manual-art task; every unassigned ledger row links to this task ID."
"5d6f64c192d686bb9d9561f43290b900","cell_0_-1","Roof","2","P0","Open","Blender or equivalent DCC (not found in PATH during 05A pre-flight)","Author, validate and bind 2 reference records without donor runtime dependencies.","World replacement registry; donor reference metadata","Grouped manual-art task; every unassigned ledger row links to this task ID."
"4a135fcf768c2074a4615aa303527af8","cell_0_-1","Window","2","P2","Open","Blender or equivalent DCC (not found in PATH during 05A pre-flight)","Author, validate and bind 2 reference records without donor runtime dependencies.","World replacement registry; donor reference metadata","Grouped manual-art task; every unassigned ledger row links to this task ID."
"da72e4c9c005f20b06b4a4c72b94d827","cell_0_-4","BuildingExterior","18","P0","Open","Blender or equivalent DCC (not found in PATH during 05A pre-flight)","Author, validate and bind 18 reference records without donor runtime dependencies.","World replacement registry; donor reference metadata","Grouped manual-art task; every unassigned ledger row links to this task ID."
"a20b9c0c5a80debac4604b89f89a6613","cell_0_-4","ColliderOnly","10","P3","Open","Blender/Substance-equivalent manual art pass","Author, validate and bind 10 reference records without donor runtime dependencies.","World replacement registry; donor reference metadata","Grouped manual-art task; every unassigned ledger row links to this task ID."
"fda4de68ea53450c2d120fc9cb553c49","cell_0_-4","SpawnMarker","1","P3","Open","Blender/Substance-equivalent manual art pass","Author, validate and bind 1 reference records without donor runtime dependencies.","World replacement registry; donor reference metadata","Grouped manual-art task; every unassigned ledger row links to this task ID."
"1cdb46ef2888164e388a52ee320fa99a","cell_0_-5","BuildingExterior","1","P0","Open","Blender or equivalent DCC (not found in PATH during 05A pre-flight)","Author, validate and bind 1 reference records without donor runtime dependencies.","World replacement registry; donor reference metadata","Grouped manual-art task; every unassigned ledger row links to this task ID."
"6ffcb581fc68df3cf03ecf22680578da","cell_0_-5","ColliderOnly","3","P3","Open","Blender/Substance-equivalent manual art pass","Author, validate and bind 3 reference records without donor runtime dependencies.","World replacement registry; donor reference metadata","Grouped manual-art task; every unassigned ledger row links to this task ID."
"38550a44eec40588e435dd21f2d297e7","cell_0_-5","Door","2","P1","Open","Blender or equivalent DCC (not found in PATH during 05A pre-flight)","Author, validate and bind 2 reference records without donor runtime dependencies.","World replacement registry; donor reference metadata","Grouped manual-art task; every unassigned ledger row links to this task ID."
"45120e29eb5268e8bbf536a3c5adfd48","cell_0_-5","Road","2","P0","Open","Unity terrain/spline authoring plus DCC review","Author, validate and bind 2 reference records without donor runtime dependencies.","World replacement registry; donor reference metadata","Grouped manual-art task; every unassigned ledger row links to this task ID."
"466b13c4ea21ce42a6d01754ac41ce0d","cell_0_-5","RoadSign","8","P3","Open","Blender/Substance-equivalent manual art pass","Author, validate and bind 8 reference records without donor runtime dependencies.","World replacement registry; donor reference metadata","Grouped manual-art task; every unassigned ledger row links to this task ID."
"e5f86a26a19e1659ba5efec51645d49f","cell_0_-5","Roof","2","P0","Open","Blender or equivalent DCC (not found in PATH during 05A pre-flight)","Author, validate and bind 2 reference records without donor runtime dependencies.","World replacement registry; donor reference metadata","Grouped manual-art task; every unassigned ledger row links to this task ID."
"622734cd45fb72c4724c85b4a8f54192","cell_0_-5","SpawnMarker","1","P3","Open","Blender/Substance-equivalent manual art pass","Author, validate and bind 1 reference records without donor runtime dependencies.","World replacement registry; donor reference metadata","Grouped manual-art task; every unassigned ledger row links to this task ID."
"7cc8eaa1a0b9a759da1caa6b4a0fe2e4","cell_0_-5","StaticProp","4","P2","Open","Blender/Substance-equivalent manual art pass","Author, validate and bind 4 reference records without donor runtime dependencies.","World replacement registry; donor reference metadata","Grouped manual-art task; every unassigned ledger row links to this task ID."
"608d5daa881eb43ed76333314aff39bc","cell_0_0","BuildingExterior","1","P0","Open","Blender or equivalent DCC (not found in PATH during 05A pre-flight)","Author, validate and bind 1 reference records without donor runtime dependencies.","World replacement registry; donor reference metadata","Grouped manual-art task; every unassigned ledger row links to this task ID."
"fba4d39d454883dab5739723986c3b3d","cell_0_0","ColliderOnly","2","P3","Open","Blender/Substance-equivalent manual art pass","Author, validate and bind 2 reference records without donor runtime dependencies.","World replacement registry; donor reference metadata","Grouped manual-art task; every unassigned ledger row links to this task ID."
"9ed2564095fa2c9fd5be16269f18bbbe","cell_0_0","InteractivePropCandidate","2","P3","Open","Blender/Substance-equivalent manual art pass","Author, validate and bind 2 reference records without donor runtime dependencies.","World replacement registry; donor reference metadata","Grouped manual-art task; every unassigned ledger row links to this task ID."
"52851eead126b6e42dd545370de3ce68","cell_0_0","Roof","1","P0","Open","Blender or equivalent DCC (not found in PATH during 05A pre-flight)","Author, validate and bind 1 reference records without donor runtime dependencies.","World replacement registry; donor reference metadata","Grouped manual-art task; every unassigned ledger row links to this task ID."
"08a7f27f89215bd65c7ce265405e0dd4","cell_0_0","StaticProp","3","P2","Open","Blender/Substance-equivalent manual art pass","Author, validate and bind 3 reference records without donor runtime dependencies.","World replacement registry; donor reference metadata","Grouped manual-art task; every unassigned ledger row links to this task ID."
"f016f3d79e54f9cfb882cfc05d51d5a1","cell_0_1","RoadSign","4","P3","Open","Blender/Substance-equivalent manual art pass","Author, validate and bind 4 reference records without donor runtime dependencies.","World replacement registry; donor reference metadata","Grouped manual-art task; every unassigned ledger row links to this task ID."
"935799feebac74d19e7f881c6de146bb","cell_1_-3","StaticProp","2","P2","Open","Blender/Substance-equivalent manual art pass","Author, validate and bind 2 reference records without donor runtime dependencies.","World replacement registry; donor reference metadata","Grouped manual-art task; every unassigned ledger row links to this task ID."
"62d86d6cbfc2b00e2a73213462d3302b","cell_1_-5","ColliderOnly","3","P3","Open","Blender/Substance-equivalent manual art pass","Author, validate and bind 3 reference records without donor runtime dependencies.","World replacement registry; donor reference metadata","Grouped manual-art task; every unassigned ledger row links to this task ID."
"57d21d20e8704d5353979ae72d913feb","cell_1_-5","Door","4","P1","Open","Blender or equivalent DCC (not found in PATH during 05A pre-flight)","Author, validate and bind 4 reference records without donor runtime dependencies.","World replacement registry; donor reference metadata","Grouped manual-art task; every unassigned ledger row links to this task ID."
"7893330c0b302f7074eafa2ae87dc8b9","cell_1_-5","InteractivePropCandidate","5","P3","Open","Blender/Substance-equivalent manual art pass","Author, validate and bind 5 reference records without donor runtime dependencies.","World replacement registry; donor reference metadata","Grouped manual-art task; every unassigned ledger row links to this task ID."
"a48b265f7e205d26cbabc2bb625db4b4","cell_1_-5","RoadSign","2","P3","Open","Blender/Substance-equivalent manual art pass","Author, validate and bind 2 reference records without donor runtime dependencies.","World replacement registry; donor reference metadata","Grouped manual-art task; every unassigned ledger row links to this task ID."
"227c2c134becc20107f0e2d675e10a35","cell_1_-5","Roof","4","P0","Open","Blender or equivalent DCC (not found in PATH during 05A pre-flight)","Author, validate and bind 4 reference records without donor runtime dependencies.","World replacement registry; donor reference metadata","Grouped manual-art task; every unassigned ledger row links to this task ID."
"e2f63198fa8bd615b6a21bef3fc39661","cell_1_-5","StaticProp","8","P2","Open","Blender/Substance-equivalent manual art pass","Author, validate and bind 8 reference records without donor runtime dependencies.","World replacement registry; donor reference metadata","Grouped manual-art task; every unassigned ledger row links to this task ID."
"c63bc3e03716983382b3e52ab50aeedd","cell_1_0","BuildingExterior","52","P0","Open","Blender or equivalent DCC (not found in PATH during 05A pre-flight)","Author, validate and bind 52 reference records without donor runtime dependencies.","World replacement registry; donor reference metadata","Grouped manual-art task; every unassigned ledger row links to this task ID."
"a1b25f346c6f815e72bbeebf9b3dd620","cell_1_0","ColliderOnly","62","P3","Open","Blender/Substance-equivalent manual art pass","Author, validate and bind 62 reference records without donor runtime dependencies.","World replacement registry; donor reference metadata","Grouped manual-art task; every unassigned ledger row links to this task ID."
"6f6dd6a5b2afa15066cbb9f7295e2368","cell_1_0","Door","3","P1","Open","Blender or equivalent DCC (not found in PATH during 05A pre-flight)","Author, validate and bind 3 reference records without donor runtime dependencies.","World replacement registry; donor reference metadata","Grouped manual-art task; every unassigned ledger row links to this task ID."
"e1dd87d9eae9b27ef4fcd97c378c0d71","cell_1_0","RoadSign","2","P3","Open","Blender/Substance-equivalent manual art pass","Author, validate and bind 2 reference records without donor runtime dependencies.","World replacement registry; donor reference metadata","Grouped manual-art task; every unassigned ledger row links to this task ID."
"38b67230e1f39d8a6b4d06567327ef4f","cell_1_0","Roof","1","P0","Open","Blender or equivalent DCC (not found in PATH during 05A pre-flight)","Author, validate and bind 1 reference records without donor runtime dependencies.","World replacement registry; donor reference metadata","Grouped manual-art task; every unassigned ledger row links to this task ID."
"d31d6d4a6d3dd95740d1fbef8109f8ae","cell_1_0","StaticProp","2","P2","Open","Blender/Substance-equivalent manual art pass","Author, validate and bind 2 reference records without donor runtime dependencies.","World replacement registry; donor reference metadata","Grouped manual-art task; every unassigned ledger row links to this task ID."
"452a7ab451667e165f8ac34aba861e4b","cell_1_0","Window","2","P2","Open","Blender or equivalent DCC (not found in PATH during 05A pre-flight)","Author, validate and bind 2 reference records without donor runtime dependencies.","World replacement registry; donor reference metadata","Grouped manual-art task; every unassigned ledger row links to this task ID."
"7e8ccc0685a9ab27eeacf708bcfa9d69","cell_1_1","ColliderOnly","1","P3","Open","Blender/Substance-equivalent manual art pass","Author, validate and bind 1 reference records without donor runtime dependencies.","World replacement registry; donor reference metadata","Grouped manual-art task; every unassigned ledger row links to this task ID."
"062ca951e40877c411b470f3621ab379","cell_1_1","Door","4","P1","Open","Blender or equivalent DCC (not found in PATH during 05A pre-flight)","Author, validate and bind 4 reference records without donor runtime dependencies.","World replacement registry; donor reference metadata","Grouped manual-art task; every unassigned ledger row links to this task ID."
"9e76a63d953364f0a00d4a17a97dbe40","cell_1_1","Roof","4","P0","Open","Blender or equivalent DCC (not found in PATH during 05A pre-flight)","Author, validate and bind 4 reference records without donor runtime dependencies.","World replacement registry; donor reference metadata","Grouped manual-art task; every unassigned ledger row links to this task ID."
"634c4ef0cb6258eaf15f03b07efbb463","cell_1_1","StaticProp","8","P2","Open","Blender/Substance-equivalent manual art pass","Author, validate and bind 8 reference records without donor runtime dependencies.","World replacement registry; donor reference metadata","Grouped manual-art task; every unassigned ledger row links to this task ID."
"7366791b2e3112377893eac4a381576c","cell_1_2","ColliderOnly","1","P3","Open","Blender/Substance-equivalent manual art pass","Author, validate and bind 1 reference records without donor runtime dependencies.","World replacement registry; donor reference metadata","Grouped manual-art task; every unassigned ledger row links to this task ID."
"bb913c21c8a2251384cd83f1daf1beca","cell_1_2","Door","2","P1","Open","Blender or equivalent DCC (not found in PATH during 05A pre-flight)","Author, validate and bind 2 reference records without donor runtime dependencies.","World replacement registry; donor reference metadata","Grouped manual-art task; every unassigned ledger row links to this task ID."
"b6677f900e931a68314d4dfd6ab6f20f","cell_1_2","Roof","2","P0","Open","Blender or equivalent DCC (not found in PATH during 05A pre-flight)","Author, validate and bind 2 reference records without donor runtime dependencies.","World replacement registry; donor reference metadata","Grouped manual-art task; every unassigned ledger row links to this task ID."
"7c2520b709ca01d68b40f421988d4567","cell_1_2","StaticProp","6","P2","Open","Blender/Substance-equivalent manual art pass","Author, validate and bind 6 reference records without donor runtime dependencies.","World replacement registry; donor reference metadata","Grouped manual-art task; every unassigned ledger row links to this task ID."
"35c79591960becad16d78ea883a21df2","cell_2_-1","ColliderOnly","5","P3","Open","Blender/Substance-equivalent manual art pass","Author, validate and bind 5 reference records without donor runtime dependencies.","World replacement registry; donor reference metadata","Grouped manual-art task; every unassigned ledger row links to this task ID."
"b74f8a05fe5a8072c68e4505a5137af9","cell_2_-1","Door","1","P1","Open","Blender or equivalent DCC (not found in PATH during 05A pre-flight)","Author, validate and bind 1 reference records without donor runtime dependencies.","World replacement registry; donor reference metadata","Grouped manual-art task; every unassigned ledger row links to this task ID."
"3a14979cd32e2107b33791e166a2da5c","cell_2_-1","InteractivePropCandidate","1","P3","Open","Blender/Substance-equivalent manual art pass","Author, validate and bind 1 reference records without donor runtime dependencies.","World replacement registry; donor reference metadata","Grouped manual-art task; every unassigned ledger row links to this task ID."
"6c5b4a064cc878eff49e942a986f9568","cell_2_-1","StaticProp","8","P2","Open","Blender/Substance-equivalent manual art pass","Author, validate and bind 8 reference records without donor runtime dependencies.","World replacement registry; donor reference metadata","Grouped manual-art task; every unassigned ledger row links to this task ID."
"d332d49a9af37df154455f2cfaeb6761","cell_2_-2","InteractivePropCandidate","3","P3","Open","Blender/Substance-equivalent manual art pass","Author, validate and bind 3 reference records without donor runtime dependencies.","World replacement registry; donor reference metadata","Grouped manual-art task; every unassigned ledger row links to this task ID."
"91a42dc438922f01aba00b4f4f85121d","cell_2_-4","ColliderOnly","1","P3","Open","Blender/Substance-equivalent manual art pass","Author, validate and bind 1 reference records without donor runtime dependencies.","World replacement registry; donor reference metadata","Grouped manual-art task; every unassigned ledger row links to this task ID."
"d9700f8ae8ebd2204ba6e0142678c727","cell_2_-4","InteractivePropCandidate","3","P3","Open","Blender/Substance-equivalent manual art pass","Author, validate and bind 3 reference records without donor runtime dependencies.","World replacement registry; donor reference metadata","Grouped manual-art task; every unassigned ledger row links to this task ID."
"4fb9111adff01f908f294555d1363a37","cell_2_-4","Road","4","P0","Open","Unity terrain/spline authoring plus DCC review","Author, validate and bind 4 reference records without donor runtime dependencies.","World replacement registry; donor reference metadata","Grouped manual-art task; every unassigned ledger row links to this task ID."
"10f5165dbd5d5c3951cf4fc2a92439dd","cell_2_-4","RoadSign","15","P3","Open","Blender/Substance-equivalent manual art pass","Author, validate and bind 15 reference records without donor runtime dependencies.","World replacement registry; donor reference metadata","Grouped manual-art task; every unassigned ledger row links to this task ID."
"0e9d884d8e27f0471b2fef9919dbd8d3","cell_2_-4","StaticProp","3","P2","Open","Blender/Substance-equivalent manual art pass","Author, validate and bind 3 reference records without donor runtime dependencies.","World replacement registry; donor reference metadata","Grouped manual-art task; every unassigned ledger row links to this task ID."
"499a1ec6caf8c107594ef6be9769380f","cell_2_-5","Door","4","P1","Open","Blender or equivalent DCC (not found in PATH during 05A pre-flight)","Author, validate and bind 4 reference records without donor runtime dependencies.","World replacement registry; donor reference metadata","Grouped manual-art task; every unassigned ledger row links to this task ID."
"6c08977d2990e598554cf8b830c52069","cell_2_-5","Roof","4","P0","Open","Blender or equivalent DCC (not found in PATH during 05A pre-flight)","Author, validate and bind 4 reference records without donor runtime dependencies.","World replacement registry; donor reference metadata","Grouped manual-art task; every unassigned ledger row links to this task ID."
"1704aa339d9e3102811ec7400db85a18","cell_2_-5","StaticProp","4","P2","Open","Blender/Substance-equivalent manual art pass","Author, validate and bind 4 reference records without donor runtime dependencies.","World replacement registry; donor reference metadata","Grouped manual-art task; every unassigned ledger row links to this task ID."
"59130ea2f9060b856bb05a4edbde3a0c","cell_3_-1","BuildingExterior","203","P0","Open","Blender or equivalent DCC (not found in PATH during 05A pre-flight)","Author, validate and bind 203 reference records without donor runtime dependencies.","World replacement registry; donor reference metadata","Grouped manual-art task; every unassigned ledger row links to this task ID."
"51674201f0939ff7358e887e2c4eff77","cell_3_-1","BuildingInterior","4","P1","Open","Blender or equivalent DCC (not found in PATH during 05A pre-flight)","Author, validate and bind 4 reference records without donor runtime dependencies.","World replacement registry; donor reference metadata","Grouped manual-art task; every unassigned ledger row links to this task ID."
"7345f31c44dc6e579cefd5d2bf0195a6","cell_3_-1","ColliderOnly","79","P3","Open","Blender/Substance-equivalent manual art pass","Author, validate and bind 79 reference records without donor runtime dependencies.","World replacement registry; donor reference metadata","Grouped manual-art task; every unassigned ledger row links to this task ID."
"57cc8f1e46b194f0fa0a84a9841c7e0d","cell_3_-1","Door","11","P1","Open","Blender or equivalent DCC (not found in PATH during 05A pre-flight)","Author, validate and bind 11 reference records without donor runtime dependencies.","World replacement registry; donor reference metadata","Grouped manual-art task; every unassigned ledger row links to this task ID."
"8ff3e066c6c8d736016e5a2a71786802","cell_3_-1","Floor","6","P3","Open","Blender/Substance-equivalent manual art pass","Author, validate and bind 6 reference records without donor runtime dependencies.","World replacement registry; donor reference metadata","Grouped manual-art task; every unassigned ledger row links to this task ID."
"ba461dcfbfad5967ac47f2a51db7e301","cell_3_-1","InteractivePropCandidate","16","P3","Open","Blender/Substance-equivalent manual art pass","Author, validate and bind 16 reference records without donor runtime dependencies.","World replacement registry; donor reference metadata","Grouped manual-art task; every unassigned ledger row links to this task ID."
"dd8af1a208cfc178b94ae7af43f28b9a","cell_3_-1","Road","3","P0","Open","Unity terrain/spline authoring plus DCC review","Author, validate and bind 3 reference records without donor runtime dependencies.","World replacement registry; donor reference metadata","Grouped manual-art task; every unassigned ledger row links to this task ID."
"0035f73ecdd725eb258601a846c69486","cell_3_-1","RoadSign","27","P3","Open","Blender/Substance-equivalent manual art pass","Author, validate and bind 27 reference records without donor runtime dependencies.","World replacement registry; donor reference metadata","Grouped manual-art task; every unassigned ledger row links to this task ID."
"c755c622a9e11c7f87ffaa2e5fd4cde3","cell_3_-1","Roof","10","P0","Open","Blender or equivalent DCC (not found in PATH during 05A pre-flight)","Author, validate and bind 10 reference records without donor runtime dependencies.","World replacement registry; donor reference metadata","Grouped manual-art task; every unassigned ledger row links to this task ID."
"f2486dc3fb89d78610a02fa2b42ac5e5","cell_3_-1","SpawnMarker","1","P3","Open","Blender/Substance-equivalent manual art pass","Author, validate and bind 1 reference records without donor runtime dependencies.","World replacement registry; donor reference metadata","Grouped manual-art task; every unassigned ledger row links to this task ID."
"cfa8c883f111ad7327d625be47722be6","cell_3_-1","StaticProp","57","P2","Open","Blender/Substance-equivalent manual art pass","Author, validate and bind 57 reference records without donor runtime dependencies.","World replacement registry; donor reference metadata","Grouped manual-art task; every unassigned ledger row links to this task ID."
"5de96b5e2e906fb7d7a17455c84a2577","cell_3_-1","UtilityPole","2","P1","Open","Blender/Substance-equivalent manual art pass","Author, validate and bind 2 reference records without donor runtime dependencies.","World replacement registry; donor reference metadata","Grouped manual-art task; every unassigned ledger row links to this task ID."
"ab06c7e27882f00821823e845549459b","cell_3_-1","Water","3","P1","Open","Blender/Substance-equivalent manual art pass","Author, validate and bind 3 reference records without donor runtime dependencies.","World replacement registry; donor reference metadata","Grouped manual-art task; every unassigned ledger row links to this task ID."
"a4b467846ac44e4b7a0e6d7c18f3774b","cell_3_-1","Window","7","P2","Open","Blender or equivalent DCC (not found in PATH during 05A pre-flight)","Author, validate and bind 7 reference records without donor runtime dependencies.","World replacement registry; donor reference metadata","Grouped manual-art task; every unassigned ledger row links to this task ID."
"31a538cc1b11225b0e66aad7682605c1","cell_3_-2","ColliderOnly","2","P3","Open","Blender/Substance-equivalent manual art pass","Author, validate and bind 2 reference records without donor runtime dependencies.","World replacement registry; donor reference metadata","Grouped manual-art task; every unassigned ledger row links to this task ID."
"f8c6f10dfcbe480a0d42b47679633f75","cell_3_-2","SpawnMarker","1","P3","Open","Blender/Substance-equivalent manual art pass","Author, validate and bind 1 reference records without donor runtime dependencies.","World replacement registry; donor reference metadata","Grouped manual-art task; every unassigned ledger row links to this task ID."
"1df06e3cdda84065fcac624976f9e84a","cell_3_-2","StaticProp","1","P2","Open","Blender/Substance-equivalent manual art pass","Author, validate and bind 1 reference records without donor runtime dependencies.","World replacement registry; donor reference metadata","Grouped manual-art task; every unassigned ledger row links to this task ID."
"60266cb4cdffc153e8e88b9019bf2bdc","cell_3_-4","Bridge","2","P0","Open","Blender or equivalent DCC (not found in PATH during 05A pre-flight)","Author, validate and bind 2 reference records without donor runtime dependencies.","World replacement registry; donor reference metadata","Grouped manual-art task; every unassigned ledger row links to this task ID."
"1d97a0a32277ad3a383651d6028f6fc4","cell_3_-4","BuildingExterior","1","P0","Open","Blender or equivalent DCC (not found in PATH during 05A pre-flight)","Author, validate and bind 1 reference records without donor runtime dependencies.","World replacement registry; donor reference metadata","Grouped manual-art task; every unassigned ledger row links to this task ID."
"4682ea3783d3537686053eaa8560b028","cell_3_-4","ColliderOnly","5","P3","Open","Blender/Substance-equivalent manual art pass","Author, validate and bind 5 reference records without donor runtime dependencies.","World replacement registry; donor reference metadata","Grouped manual-art task; every unassigned ledger row links to this task ID."
"918d24a3170c44bc8bf1319aa31f89d3","cell_3_-4","Door","2","P1","Open","Blender or equivalent DCC (not found in PATH during 05A pre-flight)","Author, validate and bind 2 reference records without donor runtime dependencies.","World replacement registry; donor reference metadata","Grouped manual-art task; every unassigned ledger row links to this task ID."
"26164064497688b7977d9cbd1236bed0","cell_3_-4","Field","1","P3","Open","Blender/Substance-equivalent manual art pass","Author, validate and bind 1 reference records without donor runtime dependencies.","World replacement registry; donor reference metadata","Grouped manual-art task; every unassigned ledger row links to this task ID."
"b74fce62135e465f25a6a74704da083f","cell_3_-4","InteractivePropCandidate","15","P3","Open","Blender/Substance-equivalent manual art pass","Author, validate and bind 15 reference records without donor runtime dependencies.","World replacement registry; donor reference metadata","Grouped manual-art task; every unassigned ledger row links to this task ID."
"2dfba024371a84f302209d3602f66637","cell_3_-4","Landmark","1","P3","Open","Blender/Substance-equivalent manual art pass","Author, validate and bind 1 reference records without donor runtime dependencies.","World replacement registry; donor reference metadata","Grouped manual-art task; every unassigned ledger row links to this task ID."
"948228298c09f23d79112c84828d75d9","cell_3_-4","Road","6","P0","Open","Unity terrain/spline authoring plus DCC review","Author, validate and bind 6 reference records without donor runtime dependencies.","World replacement registry; donor reference metadata","Grouped manual-art task; every unassigned ledger row links to this task ID."
"66e45a77972e4c10cfbd113003959b44","cell_3_-4","RoadSign","6","P3","Open","Blender/Substance-equivalent manual art pass","Author, validate and bind 6 reference records without donor runtime dependencies.","World replacement registry; donor reference metadata","Grouped manual-art task; every unassigned ledger row links to this task ID."
"a4e57fba04e38635c1fa438c1bfb1fd0","cell_3_-4","Rock","1","P3","Open","Blender/Substance-equivalent manual art pass","Author, validate and bind 1 reference records without donor runtime dependencies.","World replacement registry; donor reference metadata","Grouped manual-art task; every unassigned ledger row links to this task ID."
"1af0f02d6d78d43a43f6ac78ace5eb69","cell_3_-4","Roof","2","P0","Open","Blender or equivalent DCC (not found in PATH during 05A pre-flight)","Author, validate and bind 2 reference records without donor runtime dependencies.","World replacement registry; donor reference metadata","Grouped manual-art task; every unassigned ledger row links to this task ID."
"b8d2e3de87971d447dbda87ca5da0d06","cell_3_-4","StaticProp","10","P2","Open","Blender/Substance-equivalent manual art pass","Author, validate and bind 10 reference records without donor runtime dependencies.","World replacement registry; donor reference metadata","Grouped manual-art task; every unassigned ledger row links to this task ID."
"f41705d1b22cf6cf5914555910ff122e","cell_3_-4","VegetationTree","5","P2","Open","Vegetation DCC/SpeedTree-equivalent manual authoring","Author, validate and bind 5 reference records without donor runtime dependencies.","World replacement registry; donor reference metadata","Grouped manual-art task; every unassigned ledger row links to this task ID."
"da86ecbabd95ce170056b86e646a67c0","cell_3_-5","ColliderOnly","1","P3","Open","Blender/Substance-equivalent manual art pass","Author, validate and bind 1 reference records without donor runtime dependencies.","World replacement registry; donor reference metadata","Grouped manual-art task; every unassigned ledger row links to this task ID."
"23b3d75369b2c8b67b3ef0e2632ca73e","cell_3_-5","Door","2","P1","Open","Blender or equivalent DCC (not found in PATH during 05A pre-flight)","Author, validate and bind 2 reference records without donor runtime dependencies.","World replacement registry; donor reference metadata","Grouped manual-art task; every unassigned ledger row links to this task ID."
"a8dc7118565bb762222e8396f361d35a","cell_3_-5","Road","1","P0","Open","Unity terrain/spline authoring plus DCC review","Author, validate and bind 1 reference records without donor runtime dependencies.","World replacement registry; donor reference metadata","Grouped manual-art task; every unassigned ledger row links to this task ID."
"64d6681706b0ba7418d83451a88488f8","cell_3_-5","RoadSign","10","P3","Open","Blender/Substance-equivalent manual art pass","Author, validate and bind 10 reference records without donor runtime dependencies.","World replacement registry; donor reference metadata","Grouped manual-art task; every unassigned ledger row links to this task ID."
"acaa635892709c125d3bfbf099288c60","cell_3_-5","Roof","2","P0","Open","Blender or equivalent DCC (not found in PATH during 05A pre-flight)","Author, validate and bind 2 reference records without donor runtime dependencies.","World replacement registry; donor reference metadata","Grouped manual-art task; every unassigned ledger row links to this task ID."
"b6e69806b12fe262d549c5c0060520e3","cell_3_-5","StaticProp","7","P2","Open","Blender/Substance-equivalent manual art pass","Author, validate and bind 7 reference records without donor runtime dependencies.","World replacement registry; donor reference metadata","Grouped manual-art task; every unassigned ledger row links to this task ID."
"57dc485ae69dfdc772ebc30590f62d05","cell_3_0","ColliderOnly","1","P3","Open","Blender/Substance-equivalent manual art pass","Author, validate and bind 1 reference records without donor runtime dependencies.","World replacement registry; donor reference metadata","Grouped manual-art task; every unassigned ledger row links to this task ID."
"841ccb23af35e90f3e4cad19fd23248a","cell_4_-2","SpawnMarker","2","P3","Open","Blender/Substance-equivalent manual art pass","Author, validate and bind 2 reference records without donor runtime dependencies.","World replacement registry; donor reference metadata","Grouped manual-art task; every unassigned ledger row links to this task ID."
"8c78cfdd8369d22ea39b1db54b20c855","cell_4_-2","Water","1","P1","Open","Blender/Substance-equivalent manual art pass","Author, validate and bind 1 reference records without donor runtime dependencies.","World replacement registry; donor reference metadata","Grouped manual-art task; every unassigned ledger row links to this task ID."
"d9fb0d6fbabbc425df9e5c7f34f16449","cell_4_-3","ColliderOnly","5","P3","Open","Blender/Substance-equivalent manual art pass","Author, validate and bind 5 reference records without donor runtime dependencies.","World replacement registry; donor reference metadata","Grouped manual-art task; every unassigned ledger row links to this task ID."
"93d1d06937758385f0ef465faea11a8a","cell_4_-3","Door","2","P1","Open","Blender or equivalent DCC (not found in PATH during 05A pre-flight)","Author, validate and bind 2 reference records without donor runtime dependencies.","World replacement registry; donor reference metadata","Grouped manual-art task; every unassigned ledger row links to this task ID."
"7386c40dfe36ec155e365c16dddeaea2","cell_4_-3","InteractivePropCandidate","4","P3","Open","Blender/Substance-equivalent manual art pass","Author, validate and bind 4 reference records without donor runtime dependencies.","World replacement registry; donor reference metadata","Grouped manual-art task; every unassigned ledger row links to this task ID."
"9304306a295f7267c287ec46284acfb1","cell_4_-3","Road","2","P0","Open","Unity terrain/spline authoring plus DCC review","Author, validate and bind 2 reference records without donor runtime dependencies.","World replacement registry; donor reference metadata","Grouped manual-art task; every unassigned ledger row links to this task ID."
"ec116f4ad99e15259b25c0c504346163","cell_4_-3","RoadSign","8","P3","Open","Blender/Substance-equivalent manual art pass","Author, validate and bind 8 reference records without donor runtime dependencies.","World replacement registry; donor reference metadata","Grouped manual-art task; every unassigned ledger row links to this task ID."
"fe3c3719d2c0d493bc046fc586f4646d","cell_4_-3","Roof","5","P0","Open","Blender or equivalent DCC (not found in PATH during 05A pre-flight)","Author, validate and bind 5 reference records without donor runtime dependencies.","World replacement registry; donor reference metadata","Grouped manual-art task; every unassigned ledger row links to this task ID."
"42101efa91b399ee9370b280ee658881","cell_4_-3","StaticProp","18","P2","Open","Blender/Substance-equivalent manual art pass","Author, validate and bind 18 reference records without donor runtime dependencies.","World replacement registry; donor reference metadata","Grouped manual-art task; every unassigned ledger row links to this task ID."
"d3a9f6254eaabff126cbb91fb27eb242","cell_4_-4","Water","1","P1","Open","Blender/Substance-equivalent manual art pass","Author, validate and bind 1 reference records without donor runtime dependencies.","World replacement registry; donor reference metadata","Grouped manual-art task; every unassigned ledger row links to this task ID."
"ac97dc3cb7b9303eb4bc3686ebd7ce14","cell_4_-5","RoadSign","4","P3","Open","Blender/Substance-equivalent manual art pass","Author, validate and bind 4 reference records without donor runtime dependencies.","World replacement registry; donor reference metadata","Grouped manual-art task; every unassigned ledger row links to this task ID."
"b62c4753a10cdf368b30c07dee450167","cell_4_1","Water","1","P1","Open","Blender/Substance-equivalent manual art pass","Author, validate and bind 1 reference records without donor runtime dependencies.","World replacement registry; donor reference metadata","Grouped manual-art task; every unassigned ledger row links to this task ID."
"03593281bbbe46fbaef8433f36d00ea7","cell_5_-2","StaticProp","1","P2","Open","Blender/Substance-equivalent manual art pass","Author, validate and bind 1 reference records without donor runtime dependencies.","World replacement registry; donor reference metadata","Grouped manual-art task; every unassigned ledger row links to this task ID."
"fe71ff3c872f07e56b3ddab16e4d2768","excluded","BuildingExterior","417","P0","Open","Blender or equivalent DCC (not found in PATH during 05A pre-flight)","Author, validate and bind 417 reference records without donor runtime dependencies.","World replacement registry; donor reference metadata","Grouped manual-art task; every unassigned ledger row links to this task ID."
"5b0a4798fe805ba2eda7222972a55714","excluded","BuildingInterior","1808","P1","Open","Blender or equivalent DCC (not found in PATH during 05A pre-flight)","Author, validate and bind 1808 reference records without donor runtime dependencies.","World replacement registry; donor reference metadata","Grouped manual-art task; every unassigned ledger row links to this task ID."
"bb2edd9f33f38a42c2a5d693a7922c9f","excluded","ColliderOnly","2727","P3","Open","Blender/Substance-equivalent manual art pass","Author, validate and bind 2727 reference records without donor runtime dependencies.","World replacement registry; donor reference metadata","Grouped manual-art task; every unassigned ledger row links to this task ID."
"ef4ec5f16a32cd02f5b8794451494b64","excluded","Door","73","P1","Open","Blender or equivalent DCC (not found in PATH during 05A pre-flight)","Author, validate and bind 73 reference records without donor runtime dependencies.","World replacement registry; donor reference metadata","Grouped manual-art task; every unassigned ledger row links to this task ID."
"5f3419c043f0fb2455d402180466fff5","excluded","Fence","20","P2","Open","Blender/Substance-equivalent manual art pass","Author, validate and bind 20 reference records without donor runtime dependencies.","World replacement registry; donor reference metadata","Grouped manual-art task; every unassigned ledger row links to this task ID."
"5a14d8f54d6e6b9fafdd7e9563b14a03","excluded","Field","1","P3","Open","Blender/Substance-equivalent manual art pass","Author, validate and bind 1 reference records without donor runtime dependencies.","World replacement registry; donor reference metadata","Grouped manual-art task; every unassigned ledger row links to this task ID."
"a9c23b1cdb4fae7e7e831b287c70aeb5","excluded","Floor","18","P3","Open","Blender/Substance-equivalent manual art pass","Author, validate and bind 18 reference records without donor runtime dependencies.","World replacement registry; donor reference metadata","Grouped manual-art task; every unassigned ledger row links to this task ID."
"f58437a2181fbf2c6106b07255370c4b","excluded","Gate","1","P1","Open","Blender/Substance-equivalent manual art pass","Author, validate and bind 1 reference records without donor runtime dependencies.","World replacement registry; donor reference metadata","Grouped manual-art task; every unassigned ledger row links to this task ID."
"f97a483299fca6cb709c8d6901e0688b","excluded","InteractivePropCandidate","4223","P3","Open","Blender/Substance-equivalent manual art pass","Author, validate and bind 4223 reference records without donor runtime dependencies.","World replacement registry; donor reference metadata","Grouped manual-art task; every unassigned ledger row links to this task ID."
"31dfeca5237a48fa447375ae672dc9cc","excluded","Landmark","3","P3","Open","Blender/Substance-equivalent manual art pass","Author, validate and bind 3 reference records without donor runtime dependencies.","World replacement registry; donor reference metadata","Grouped manual-art task; every unassigned ledger row links to this task ID."
"68b2ecd8e2334d2daca2df0c98a49132","excluded","Roof","36","P0","Open","Blender or equivalent DCC (not found in PATH during 05A pre-flight)","Author, validate and bind 36 reference records without donor runtime dependencies.","World replacement registry; donor reference metadata","Grouped manual-art task; every unassigned ledger row links to this task ID."
"dc549831cd2f34492c58b904d195e2de","excluded","SpawnMarker","9","P3","Open","Blender/Substance-equivalent manual art pass","Author, validate and bind 9 reference records without donor runtime dependencies.","World replacement registry; donor reference metadata","Grouped manual-art task; every unassigned ledger row links to this task ID."
"e6f18d2212b18f946f3551b73d6343a7","excluded","StaticProp","266","P2","Open","Blender/Substance-equivalent manual art pass","Author, validate and bind 266 reference records without donor runtime dependencies.","World replacement registry; donor reference metadata","Grouped manual-art task; every unassigned ledger row links to this task ID."
"2e30e44ad5f9b850a82b21d5f99d1172","excluded","Window","53","P2","Open","Blender or equivalent DCC (not found in PATH during 05A pre-flight)","Author, validate and bind 53 reference records without donor runtime dependencies.","World replacement registry; donor reference metadata","Grouped manual-art task; every unassigned ledger row links to this task ID."
"0e9660a45a9c240ae7097e271f55b74a","excluded","Yard","12","P3","Open","Blender/Substance-equivalent manual art pass","Author, validate and bind 12 reference records without donor runtime dependencies.","World replacement registry; donor reference metadata","Grouped manual-art task; every unassigned ledger row links to this task ID."
"ffa5da623b7d5f1dead9de1cdf77bf09","global","Field","1","P3","Open","Blender/Substance-equivalent manual art pass","Author, validate and bind 1 reference records without donor runtime dependencies.","World replacement registry; donor reference metadata","Grouped manual-art task; every unassigned ledger row links to this task ID."
"463c27ad1772034bb26df6c3601bb6a1","global","Road","1","P0","Open","Unity terrain/spline authoring plus DCC review","Author, validate and bind 1 reference records without donor runtime dependencies.","World replacement registry; donor reference metadata","Grouped manual-art task; every unassigned ledger row links to this task ID."
"f66ba7c38105eea52955a14531e6e2cf","global","Rock","1","P3","Open","Blender/Substance-equivalent manual art pass","Author, validate and bind 1 reference records without donor runtime dependencies.","World replacement registry; donor reference metadata","Grouped manual-art task; every unassigned ledger row links to this task ID."
"4b1b64305534ed49c3f8d4f2a013ca05","global","StaticProp","5","P2","Open","Blender/Substance-equivalent manual art pass","Author, validate and bind 5 reference records without donor runtime dependencies.","World replacement registry; donor reference metadata","Grouped manual-art task; every unassigned ledger row links to this task ID."
"94bddd8e163188c61f46f353d654a65f","global","Terrain","1","P0","Open","Unity terrain/spline authoring plus DCC review","Author, validate and bind 1 reference records without donor runtime dependencies.","World replacement registry; donor reference metadata","Grouped manual-art task; every unassigned ledger row links to this task ID."
"b7eaeabab1c5286cdedcf63d3d2bd190","global","VegetationBush","7","P3","Open","Vegetation DCC/SpeedTree-equivalent manual authoring","Author, validate and bind 7 reference records without donor runtime dependencies.","World replacement registry; donor reference metadata","Grouped manual-art task; every unassigned ledger row links to this task ID."
"71f93c24de0e4221e914f71fafe7eeb7","global","VegetationGrass","2","P3","Open","Vegetation DCC/SpeedTree-equivalent manual authoring","Author, validate and bind 2 reference records without donor runtime dependencies.","World replacement registry; donor reference metadata","Grouped manual-art task; every unassigned ledger row links to this task ID."
"fa619b4617442753854c988336b94605","global","VegetationTree","11","P2","Open","Vegetation DCC/SpeedTree-equivalent manual authoring","Author, validate and bind 11 reference records without donor runtime dependencies.","World replacement registry; donor reference metadata","Grouped manual-art task; every unassigned ledger row links to this task ID."
"05cffbb1dd392d51f135bacec1fb3591","global","Water","2","P1","Open","Blender/Substance-equivalent manual art pass","Author, validate and bind 2 reference records without donor runtime dependencies.","World replacement registry; donor reference metadata","Grouped manual-art task; every unassigned ledger row links to this task ID."
